customer_id,date_of_purchase,product_description
1996,2/2/2014,"whipped,sour cream"
1827,11/27/2014,other vegetables
4406,5/27/2015,tropical fruit
3245,5/17/2015,citrus fruit
3130,2/18/2015,canned beer
1017,5/16/2015,other vegetables
2291,9/29/2014,other vegetables
1013,11/12/2014,root vegetables
4042,4/30/2015,citrus fruit
4964,11/30/2015,whole milk
1979,5/9/2014,bottled water
4555,3/31/2015,pip fruit
3354,1/14/2015,pastry
2071,9/30/2015,canned beer
2867,11/12/2015,citrus fruit
3818,3/11/2014,root vegetables
2685,2/11/2014,whole milk
2034,12/22/2014,"rolls,buns"
2890,2/13/2014,bottled water
3224,1/19/2015,bottled beer
1692,5/4/2014,other vegetables
1696,9/6/2014,whole milk
3029,2/14/2015,shopping bags
2022,3/28/2014,newspapers
2389,10/13/2014,whole milk
4277,2/18/2015,"rolls,buns"
3208,6/24/2015,root vegetables
3481,10/4/2015,sausage
1501,8/17/2015,bottled water
1407,7/29/2015,whole milk
1652,12/6/2014,bottled beer
2466,8/28/2015,sausage
2166,10/11/2014,bottled water
3344,1/21/2014,canned beer
2698,3/31/2014,bottled water
1798,6/22/2014,whole milk
1522,1/7/2014,shopping bags
3523,4/19/2015,"rolls,buns"
4820,7/23/2015,whole milk
3128,8/30/2015,bottled beer
3153,10/26/2014,"whipped,sour cream"
2727,5/29/2014,bottled beer
2669,3/20/2014,"whipped,sour cream"
1012,11/19/2015,root vegetables
3208,6/24/2015,root vegetables
4747,6/8/2015,tropical fruit
4593,8/18/2015,"whipped,sour cream"
3634,12/10/2015,citrus fruit
4975,1/6/2014,bottled water
1588,7/19/2014,root vegetables
4804,12/27/2015,other vegetables
3549,11/9/2014,other vegetables
1490,10/4/2015,whole milk
3050,10/20/2015,"rolls,buns"
3259,2/15/2015,canned beer
2294,9/25/2014,whole milk
2271,8/4/2015,other vegetables
4261,9/28/2014,other vegetables
3697,2/11/2014,other vegetables
3264,1/13/2015,sausage
3011,6/22/2015,"rolls,buns"
4705,6/20/2014,"rolls,buns"
2312,5/15/2015,other vegetables
2623,5/13/2014,canned beer
4679,2/2/2014,shopping bags
1618,10/30/2014,whole milk
4260,10/19/2015,"whipped,sour cream"
2185,5/25/2014,other vegetables
1685,10/18/2014,whole milk
2488,8/26/2014,bottled water
2584,3/31/2015,whole milk
4165,5/30/2014,"rolls,buns"
2448,8/17/2015,"rolls,buns"
3501,6/13/2014,bottled beer
2893,1/19/2014,other vegetables
2728,8/2/2015,root vegetables
3354,1/27/2015,sausage
3393,11/7/2015,pastry
4827,11/27/2015,pip fruit
4444,7/22/2015,"rolls,buns"
1074,5/8/2014,shopping bags
2132,12/19/2014,newspapers
3237,6/28/2015,other vegetables
2391,1/3/2015,"rolls,buns"
4673,8/20/2014,whole milk
1585,9/17/2014,tropical fruit
2098,10/20/2014,pastry
1413,7/14/2014,canned beer
2816,5/15/2015,pastry
4906,9/16/2015,tropical fruit
4566,9/16/2014,tropical fruit
1922,2/7/2015,pip fruit
1211,5/24/2015,"rolls,buns"
1798,1/17/2014,pip fruit
2459,9/16/2015,bottled beer
4187,4/10/2015,whole milk
4941,6/12/2014,whole milk
1504,1/12/2014,sausage
4736,2/10/2014,other vegetables
1116,7/23/2015,bottled water
1438,10/19/2015,whole milk
4832,8/28/2014,bottled beer
4601,3/27/2014,root vegetables
2436,11/24/2015,whole milk
1583,11/27/2014,bottled water
2271,1/2/2015,"rolls,buns"
4179,3/6/2015,root vegetables
3890,1/20/2014,newspapers
4892,1/9/2015,other vegetables
1309,8/10/2014,"whipped,sour cream"
3209,4/8/2014,other vegetables
3971,12/30/2015,bottled beer
4790,8/15/2015,newspapers
3827,6/24/2014,canned beer
2484,7/16/2014,sausage
1408,3/1/2015,root vegetables
3010,8/14/2015,root vegetables
4015,2/20/2015,other vegetables
4620,6/23/2014,bottled beer
3946,4/19/2014,whole milk
4933,1/2/2015,bottled water
2390,1/18/2014,other vegetables
2699,4/18/2015,whole milk
2625,3/22/2015,citrus fruit
4934,10/13/2014,root vegetables
3408,11/5/2015,"rolls,buns"
1866,8/29/2014,whole milk
4293,8/24/2015,sausage
1573,5/18/2014,pastry
1992,8/2/2015,"rolls,buns"
1062,9/18/2015,other vegetables
4927,4/13/2014,root vegetables
2500,12/6/2015,citrus fruit
3542,6/16/2015,whole milk
3033,2/28/2014,"rolls,buns"
3283,5/1/2015,whole milk
1962,4/5/2015,tropical fruit
1054,10/4/2015,citrus fruit
3650,7/17/2015,other vegetables
2921,11/18/2014,other vegetables
4721,6/15/2015,sausage
4607,12/15/2015,pastry
1170,11/12/2015,"rolls,buns"
3546,11/22/2015,other vegetables
2836,10/4/2014,whole milk
2083,11/7/2015,tropical fruit
3456,6/16/2015,whole milk
1388,4/3/2015,root vegetables
2676,10/6/2014,citrus fruit
1328,3/24/2015,sausage
2703,3/27/2015,bottled water
1343,11/1/2015,other vegetables
1748,3/8/2015,whole milk
3558,4/3/2015,citrus fruit
1796,9/18/2014,"rolls,buns"
2569,7/16/2015,"whipped,sour cream"
4345,1/28/2015,"rolls,buns"
4166,7/26/2015,bottled beer
4461,11/16/2014,newspapers
4406,2/2/2014,other vegetables
4045,3/2/2014,"rolls,buns"
3715,5/11/2015,whole milk
3005,11/26/2014,newspapers
4826,6/15/2015,other vegetables
1010,3/5/2014,pip fruit
3071,4/18/2014,whole milk
4316,8/4/2014,whole milk
1946,12/8/2015,pastry
3978,7/23/2015,sausage
4341,2/12/2014,other vegetables
4939,6/29/2015,whole milk
3899,12/24/2015,bottled water
2274,8/14/2014,shopping bags
2239,12/13/2015,sausage
4150,8/17/2014,root vegetables
3811,7/21/2014,bottled water
4223,7/20/2015,root vegetables
3400,7/10/2014,bottled water
1123,8/9/2014,"rolls,buns"
2817,6/19/2014,bottled water
4336,10/12/2014,newspapers
1123,12/28/2014,pip fruit
3929,4/28/2015,root vegetables
2406,9/4/2015,canned beer
3159,4/18/2014,pip fruit
1855,4/28/2015,"whipped,sour cream"
2351,1/6/2015,"rolls,buns"
4574,4/18/2014,pastry
3141,11/16/2015,other vegetables
2338,9/22/2014,other vegetables
2148,12/6/2014,whole milk
2590,12/16/2015,"whipped,sour cream"
1785,7/15/2015,canned beer
3864,8/26/2015,bottled water
2062,9/22/2015,shopping bags
4936,3/15/2015,tropical fruit
1413,12/3/2014,citrus fruit
2310,4/22/2014,whole milk
2364,7/23/2014,bottled water
2882,4/26/2015,sausage
3015,8/7/2014,other vegetables
4017,10/11/2015,sausage
1522,10/11/2014,newspapers
2265,6/13/2015,"whipped,sour cream"
2981,12/3/2015,whole milk
4094,10/21/2014,canned beer
2618,1/5/2014,bottled water
4113,7/19/2015,bottled beer
2584,3/11/2014,whole milk
2010,5/17/2014,shopping bags
2580,11/17/2015,pip fruit
3662,12/3/2015,whole milk
3709,10/26/2015,root vegetables
1199,11/21/2015,"rolls,buns"
3729,12/24/2014,newspapers
1450,11/17/2014,other vegetables
1881,6/5/2015,root vegetables
2986,11/3/2014,whole milk
1233,8/28/2014,other vegetables
1304,6/7/2014,other vegetables
1866,8/14/2014,other vegetables
4338,1/25/2015,pip fruit
1181,11/16/2015,sausage
1634,2/9/2015,newspapers
3048,8/20/2015,bottled beer
1327,8/9/2015,"rolls,buns"
3008,4/15/2014,root vegetables
2265,9/25/2015,whole milk
1698,7/22/2015,other vegetables
1546,1/3/2015,root vegetables
4154,7/2/2015,root vegetables
2041,4/8/2014,"rolls,buns"
1534,7/10/2015,bottled water
1660,4/3/2014,other vegetables
1903,1/25/2015,other vegetables
3206,6/29/2015,shopping bags
4179,8/3/2014,other vegetables
1953,3/9/2015,citrus fruit
1306,6/23/2015,"rolls,buns"
2086,3/9/2015,root vegetables
4078,9/27/2014,pip fruit
2891,7/2/2015,root vegetables
1316,1/17/2014,"rolls,buns"
4414,1/23/2015,newspapers
2386,1/3/2015,pastry
1708,9/18/2015,whole milk
3083,3/29/2014,tropical fruit
4201,10/14/2015,tropical fruit
2713,9/28/2014,bottled beer
1602,8/29/2015,citrus fruit
1799,6/13/2015,canned beer
1379,9/21/2014,"rolls,buns"
2709,4/2/2014,bottled water
1825,10/6/2015,bottled beer
2558,8/12/2015,"rolls,buns"
4320,2/17/2014,whole milk
2979,8/25/2014,pip fruit
4407,12/25/2014,bottled water
3731,11/2/2014,shopping bags
1305,5/24/2015,citrus fruit
4153,7/27/2015,"rolls,buns"
1094,7/24/2014,whole milk
1092,10/9/2015,other vegetables
4165,1/12/2014,tropical fruit
4115,3/20/2015,pastry
3967,1/21/2015,root vegetables
1652,3/15/2014,root vegetables
3698,9/22/2014,whole milk
2960,2/17/2015,pastry
4501,6/15/2015,tropical fruit
2707,10/18/2015,pastry
4300,10/1/2014,citrus fruit
1877,9/30/2014,shopping bags
1160,8/21/2015,bottled beer
1355,3/28/2015,"rolls,buns"
3732,1/26/2015,other vegetables
1583,7/28/2015,sausage
3761,8/6/2015,citrus fruit
3829,8/2/2015,citrus fruit
4979,4/24/2015,"rolls,buns"
2663,5/18/2015,"whipped,sour cream"
2782,4/9/2015,bottled water
4319,11/8/2015,sausage
1059,6/14/2014,sausage
4206,9/18/2014,"rolls,buns"
1052,5/15/2015,"whipped,sour cream"
4302,7/14/2014,tropical fruit
3554,7/23/2015,root vegetables
4828,10/11/2015,shopping bags
2422,8/12/2015,sausage
2344,4/14/2015,pip fruit
4760,4/2/2015,root vegetables
4448,2/21/2014,other vegetables
3523,4/26/2015,newspapers
3465,9/30/2014,"whipped,sour cream"
4372,7/30/2015,root vegetables
4839,6/3/2015,pastry
2345,12/17/2015,bottled beer
1040,9/3/2014,"rolls,buns"
2577,6/28/2014,citrus fruit
4787,5/17/2015,sausage
3297,3/30/2014,tropical fruit
4417,5/18/2015,pip fruit
3116,12/10/2014,whole milk
1312,9/2/2014,pip fruit
3567,2/17/2015,pip fruit
2495,1/31/2014,citrus fruit
2390,10/22/2014,citrus fruit
4508,11/22/2014,"rolls,buns"
4987,4/12/2014,other vegetables
2324,8/18/2015,canned beer
2306,10/9/2015,shopping bags
1290,4/24/2015,sausage
3120,1/2/2014,newspapers
3915,9/24/2014,other vegetables
1724,9/9/2015,"rolls,buns"
1966,10/23/2014,other vegetables
1472,7/6/2015,root vegetables
3547,10/7/2015,pastry
4293,8/24/2015,other vegetables
2899,1/8/2014,canned beer
3881,4/7/2015,canned beer
1696,3/2/2015,"rolls,buns"
1242,12/14/2015,shopping bags
1962,6/8/2015,tropical fruit
4696,8/18/2015,citrus fruit
4548,5/30/2015,whole milk
4708,4/14/2015,canned beer
4601,1/4/2015,pip fruit
4588,4/30/2015,tropical fruit
4951,5/10/2014,canned beer
3469,2/9/2015,other vegetables
2226,3/9/2015,whole milk
4248,10/9/2014,"rolls,buns"
1605,8/17/2014,"rolls,buns"
2649,2/18/2014,whole milk
4987,7/27/2014,"rolls,buns"
2305,10/18/2014,tropical fruit
3650,12/23/2014,bottled beer
3090,6/7/2014,newspapers
4265,3/8/2014,"whipped,sour cream"
4440,3/1/2014,newspapers
4339,11/20/2014,whole milk
4277,8/9/2015,sausage
3539,5/9/2014,tropical fruit
2546,6/4/2014,"rolls,buns"
3479,5/10/2014,pastry
4579,2/28/2014,pastry
2960,3/11/2014,shopping bags
2952,8/11/2015,bottled beer
1143,4/25/2015,whole milk
3089,8/20/2014,sausage
2294,7/26/2015,bottled water
4468,3/24/2015,bottled beer
1782,8/30/2014,"rolls,buns"
3915,12/5/2014,pip fruit
2976,9/20/2014,other vegetables
3821,1/3/2015,whole milk
3926,6/7/2015,shopping bags
1320,1/19/2015,pip fruit
3424,5/8/2014,whole milk
1107,8/13/2014,whole milk
2620,4/19/2014,"whipped,sour cream"
2545,1/14/2014,citrus fruit
2100,10/13/2015,citrus fruit
2142,6/25/2015,root vegetables
1690,3/3/2015,pastry
1016,9/30/2015,"rolls,buns"
3935,7/2/2015,"rolls,buns"
2320,4/22/2014,tropical fruit
4035,1/12/2015,sausage
4370,6/6/2014,sausage
2209,4/20/2015,bottled beer
2646,11/11/2015,root vegetables
3394,6/15/2015,pastry
1259,9/20/2015,whole milk
1846,5/28/2015,bottled beer
2097,9/28/2014,"rolls,buns"
3646,5/26/2014,"whipped,sour cream"
4626,7/2/2014,pastry
3012,7/24/2014,whole milk
3077,4/1/2014,root vegetables
2839,10/31/2015,whole milk
4753,10/11/2014,"rolls,buns"
1730,1/24/2015,sausage
1681,7/6/2014,"rolls,buns"
2659,5/8/2015,other vegetables
4536,5/11/2014,citrus fruit
4312,12/14/2015,sausage
4261,2/16/2015,bottled water
2502,6/18/2014,bottled beer
2671,12/2/2014,pip fruit
4058,2/7/2014,whole milk
3710,8/22/2015,sausage
4183,1/15/2015,shopping bags
3662,2/16/2014,bottled water
2932,1/22/2015,root vegetables
4594,7/1/2014,tropical fruit
4504,1/21/2014,"rolls,buns"
2761,1/31/2014,shopping bags
4620,3/16/2014,root vegetables
3180,11/2/2014,other vegetables
1761,10/2/2015,bottled beer
4660,7/10/2015,pastry
2779,12/1/2015,"rolls,buns"
4282,6/23/2015,other vegetables
2746,4/20/2014,"rolls,buns"
4934,9/6/2015,"rolls,buns"
2380,2/12/2015,"rolls,buns"
4228,4/4/2015,shopping bags
3927,9/26/2014,"whipped,sour cream"
3679,8/30/2015,other vegetables
2056,12/26/2014,citrus fruit
4426,4/24/2014,whole milk
3343,6/16/2014,"rolls,buns"
1365,5/20/2015,other vegetables
3741,1/23/2015,"whipped,sour cream"
2584,4/25/2015,shopping bags
2316,2/18/2014,shopping bags
3244,11/20/2015,newspapers
2736,3/2/2015,whole milk
2309,12/29/2015,whole milk
3460,9/14/2015,other vegetables
4902,5/30/2014,other vegetables
1616,5/3/2014,whole milk
1654,4/6/2014,whole milk
1196,1/20/2014,shopping bags
4642,12/3/2015,"rolls,buns"
1105,6/14/2014,other vegetables
2787,3/5/2015,bottled water
1360,10/23/2015,tropical fruit
2763,5/18/2014,"whipped,sour cream"
1339,11/28/2015,bottled water
1782,8/30/2014,other vegetables
2017,12/23/2014,bottled beer
4159,12/28/2015,bottled water
4790,5/16/2015,"rolls,buns"
3752,8/20/2015,whole milk
4651,1/10/2014,"rolls,buns"
2049,4/2/2014,other vegetables
3590,1/9/2015,citrus fruit
2138,5/13/2014,whole milk
4756,5/9/2014,"whipped,sour cream"
4867,10/29/2015,"rolls,buns"
2284,3/24/2014,bottled water
4717,5/3/2015,pip fruit
2758,11/19/2015,sausage
1797,11/14/2014,root vegetables
3828,5/16/2014,whole milk
1353,12/22/2014,bottled water
1287,8/28/2015,pip fruit
1878,11/27/2015,citrus fruit
1785,12/21/2015,sausage
1572,5/23/2015,other vegetables
2946,9/14/2014,"whipped,sour cream"
3435,7/30/2014,tropical fruit
3892,4/7/2014,newspapers
1065,11/5/2014,tropical fruit
2064,8/21/2015,whole milk
2234,12/23/2015,whole milk
1233,3/20/2015,canned beer
3061,12/5/2015,pip fruit
1729,4/19/2014,pastry
4336,4/27/2015,"whipped,sour cream"
3749,9/7/2014,"whipped,sour cream"
1756,6/3/2014,whole milk
4756,12/10/2014,tropical fruit
4646,7/31/2015,bottled water
2918,12/11/2015,bottled water
1347,9/15/2015,pastry
2466,10/10/2015,whole milk
1090,8/31/2015,sausage
4775,3/29/2014,whole milk
1130,9/18/2015,bottled water
3500,4/21/2015,bottled water
3463,9/24/2015,tropical fruit
1857,9/10/2015,pip fruit
1360,12/16/2015,pastry
4377,2/23/2015,whole milk
4700,3/4/2015,whole milk
4803,1/12/2014,root vegetables
1174,1/26/2015,"whipped,sour cream"
2229,5/22/2015,"rolls,buns"
3252,2/15/2015,sausage
4085,9/29/2015,newspapers
2968,10/17/2015,shopping bags
1759,7/28/2014,bottled water
4804,11/26/2014,bottled beer
2093,2/16/2014,"whipped,sour cream"
2680,1/3/2015,sausage
4864,7/22/2015,canned beer
2396,5/10/2014,pip fruit
4986,2/1/2015,whole milk
2960,8/31/2015,pastry
1944,8/31/2015,whole milk
1537,2/1/2015,bottled water
2433,8/23/2015,other vegetables
3518,2/8/2014,whole milk
1324,7/10/2015,bottled water
4883,5/16/2015,shopping bags
2381,12/29/2014,shopping bags
4632,2/3/2014,"rolls,buns"
3082,5/21/2014,whole milk
2394,6/5/2014,whole milk
2446,9/8/2015,"rolls,buns"
4679,11/10/2015,shopping bags
2310,3/21/2014,shopping bags
4836,8/17/2015,whole milk
4286,11/22/2014,canned beer
1500,1/6/2015,"rolls,buns"
1595,11/9/2014,bottled beer
3916,10/4/2015,citrus fruit
4701,4/30/2015,whole milk
4461,2/13/2015,tropical fruit
3691,2/5/2015,canned beer
2413,4/4/2015,whole milk
2078,10/16/2015,tropical fruit
3839,8/13/2014,citrus fruit
1877,9/30/2014,whole milk
4903,12/8/2015,sausage
2840,5/27/2015,other vegetables
3429,4/1/2015,other vegetables
2604,2/12/2015,other vegetables
2502,2/7/2015,citrus fruit
2909,5/8/2015,sausage
2602,2/8/2015,tropical fruit
1467,5/2/2015,sausage
4753,8/31/2014,root vegetables
2225,10/13/2014,bottled water
2581,8/22/2015,canned beer
1651,5/6/2015,tropical fruit
3815,1/30/2014,"rolls,buns"
2323,12/27/2014,newspapers
1399,4/5/2014,other vegetables
3804,12/27/2014,tropical fruit
1852,3/4/2014,whole milk
2601,3/26/2015,pastry
4426,1/5/2014,pastry
2082,6/21/2015,bottled water
2813,2/17/2014,tropical fruit
4147,1/2/2015,citrus fruit
4214,10/7/2015,citrus fruit
2374,9/16/2014,"rolls,buns"
1574,3/4/2014,newspapers
4156,12/13/2014,shopping bags
3486,11/8/2015,canned beer
3426,8/17/2014,root vegetables
1317,7/26/2014,other vegetables
1358,9/11/2015,"whipped,sour cream"
4445,5/20/2015,sausage
4633,4/14/2015,bottled water
2202,5/28/2015,"rolls,buns"
3060,7/31/2014,tropical fruit
1395,10/12/2015,newspapers
3869,5/24/2014,newspapers
2277,3/13/2014,other vegetables
3946,11/19/2015,newspapers
1009,10/5/2015,newspapers
3165,5/7/2014,pip fruit
4108,7/21/2015,"rolls,buns"
1752,7/12/2014,canned beer
1239,1/24/2015,whole milk
3538,3/1/2015,other vegetables
2331,2/15/2015,sausage
3871,8/16/2014,whole milk
3289,8/9/2015,root vegetables
2900,2/19/2014,whole milk
3673,8/11/2014,other vegetables
2222,7/21/2015,newspapers
2027,10/9/2014,"rolls,buns"
2408,11/10/2014,citrus fruit
4222,12/27/2015,tropical fruit
2933,4/6/2015,bottled water
1683,8/20/2015,pip fruit
3959,10/5/2015,tropical fruit
2816,6/19/2015,canned beer
4678,12/17/2015,whole milk
1799,8/7/2015,other vegetables
3778,10/1/2015,pastry
1619,10/29/2015,root vegetables
4612,9/8/2014,bottled beer
3522,9/23/2015,other vegetables
4121,4/21/2014,citrus fruit
4875,9/13/2015,other vegetables
1438,5/11/2015,"whipped,sour cream"
2380,1/7/2015,bottled beer
4255,11/3/2014,shopping bags
2695,1/7/2015,bottled beer
1708,9/18/2015,canned beer
4837,12/2/2015,bottled beer
3401,9/28/2015,root vegetables
1804,11/30/2015,whole milk
4756,9/18/2015,tropical fruit
1149,8/6/2015,bottled beer
1746,10/23/2014,tropical fruit
5000,11/16/2014,other vegetables
4310,7/7/2014,whole milk
1451,1/27/2015,tropical fruit
2621,9/27/2014,pip fruit
4749,10/30/2014,tropical fruit
1013,2/20/2014,whole milk
4037,12/29/2015,root vegetables
1362,1/3/2014,tropical fruit
1959,7/9/2015,pastry
4328,7/21/2015,citrus fruit
4486,11/9/2015,citrus fruit
1609,12/17/2015,"rolls,buns"
3582,3/31/2015,root vegetables
2741,2/17/2015,other vegetables
4516,3/29/2015,pip fruit
1354,11/29/2015,newspapers
1863,6/1/2014,bottled water
4277,2/18/2015,pastry
3885,10/15/2015,"rolls,buns"
4762,7/8/2014,newspapers
1449,7/18/2014,other vegetables
1523,3/28/2015,bottled water
4953,10/10/2015,other vegetables
3962,9/18/2015,tropical fruit
3587,6/8/2015,canned beer
1039,5/31/2015,"rolls,buns"
3846,1/28/2015,bottled water
1981,11/1/2014,whole milk
4495,10/23/2014,whole milk
3640,3/13/2015,"rolls,buns"
2523,10/11/2014,shopping bags
1983,8/9/2015,sausage
1983,8/9/2015,pastry
3022,9/19/2014,"whipped,sour cream"
2985,1/5/2015,tropical fruit
1150,8/29/2014,pip fruit
4291,7/29/2015,citrus fruit
3474,8/25/2015,root vegetables
4014,7/31/2014,other vegetables
2735,6/1/2015,other vegetables
1750,6/16/2014,"rolls,buns"
1278,12/9/2015,bottled water
3254,3/2/2014,other vegetables
2704,8/2/2014,whole milk
4397,6/27/2015,other vegetables
1020,8/12/2014,canned beer
3777,2/26/2014,whole milk
1107,5/6/2015,citrus fruit
4305,7/24/2015,newspapers
2082,6/21/2015,pastry
2495,1/31/2014,"rolls,buns"
3504,7/6/2015,root vegetables
1279,9/6/2015,tropical fruit
2020,11/19/2015,pastry
3973,9/2/2015,pip fruit
1729,7/23/2015,"rolls,buns"
4717,5/16/2015,canned beer
4717,4/10/2015,tropical fruit
1200,9/26/2015,"rolls,buns"
3144,4/27/2015,pip fruit
3682,10/12/2015,bottled water
4406,7/11/2014,pip fruit
1869,1/11/2014,tropical fruit
1527,4/20/2015,citrus fruit
4152,4/15/2015,sausage
3682,12/24/2014,shopping bags
3500,11/20/2014,other vegetables
1681,7/6/2014,bottled water
2448,8/31/2015,"rolls,buns"
4503,8/9/2015,whole milk
4197,11/3/2015,"rolls,buns"
2850,3/27/2015,whole milk
3603,1/30/2015,shopping bags
3041,2/18/2014,pastry
4776,8/8/2015,pip fruit
4929,3/26/2015,bottled beer
1444,3/7/2014,whole milk
3719,10/26/2014,pastry
3757,2/4/2015,root vegetables
1206,5/15/2015,other vegetables
1794,9/17/2015,bottled beer
3030,12/6/2014,other vegetables
4201,8/6/2014,bottled beer
2877,4/10/2015,tropical fruit
1116,10/8/2015,"rolls,buns"
2944,12/19/2014,newspapers
1988,9/8/2015,other vegetables
1311,1/14/2014,other vegetables
3304,11/30/2015,other vegetables
2012,8/4/2014,bottled water
3098,5/29/2014,citrus fruit
4614,2/23/2015,root vegetables
1107,8/13/2014,pastry
2132,8/8/2014,pastry
2467,6/9/2015,other vegetables
4537,12/20/2015,"whipped,sour cream"
1398,4/15/2015,sausage
4810,3/17/2015,bottled beer
3966,1/11/2015,whole milk
1113,2/2/2014,canned beer
2164,11/24/2015,"rolls,buns"
3271,12/27/2015,sausage
4720,6/20/2014,tropical fruit
4303,4/8/2015,canned beer
2359,4/21/2015,other vegetables
3247,8/9/2014,"rolls,buns"
4650,8/17/2014,"rolls,buns"
2702,11/12/2014,bottled water
4086,8/30/2014,pastry
1814,1/22/2015,root vegetables
1225,9/2/2014,"rolls,buns"
4416,10/2/2014,other vegetables
1964,3/23/2014,other vegetables
2041,6/19/2014,root vegetables
2469,1/12/2015,whole milk
1586,5/2/2014,"rolls,buns"
3175,4/29/2014,"rolls,buns"
4063,11/12/2015,sausage
1994,3/11/2015,whole milk
4070,7/27/2015,other vegetables
2335,7/23/2015,tropical fruit
1464,3/7/2015,sausage
3281,6/16/2015,sausage
4207,8/28/2015,other vegetables
1649,5/16/2015,"rolls,buns"
2465,12/27/2015,other vegetables
4603,11/17/2014,whole milk
4274,8/1/2015,bottled beer
4028,6/12/2014,"whipped,sour cream"
1685,6/3/2014,bottled water
1102,2/14/2014,root vegetables
3083,3/29/2014,whole milk
2056,5/21/2014,root vegetables
3890,10/26/2015,root vegetables
3158,10/4/2014,citrus fruit
1941,1/29/2014,"rolls,buns"
2816,3/6/2014,whole milk
3225,7/15/2014,bottled beer
4893,6/27/2014,"whipped,sour cream"
3600,7/30/2015,bottled water
1689,9/19/2014,whole milk
1771,3/23/2015,sausage
3861,2/12/2014,"whipped,sour cream"
1006,6/14/2015,whole milk
2346,4/24/2015,tropical fruit
1227,5/8/2014,"whipped,sour cream"
3525,7/9/2014,tropical fruit
4584,4/22/2014,other vegetables
4222,5/27/2015,tropical fruit
1510,5/16/2015,sausage
1229,3/20/2015,"whipped,sour cream"
1291,8/1/2014,"rolls,buns"
1979,9/7/2014,whole milk
1327,3/8/2014,pastry
1482,7/6/2015,whole milk
3165,11/27/2015,"rolls,buns"
1991,12/9/2015,citrus fruit
3291,8/2/2015,tropical fruit
2741,9/28/2015,bottled beer
2372,10/10/2014,whole milk
4109,8/24/2015,other vegetables
4223,7/20/2015,other vegetables
2249,5/29/2015,bottled water
3857,10/1/2015,bottled water
3803,10/20/2015,other vegetables
1638,3/12/2015,shopping bags
1780,9/21/2015,sausage
4968,11/13/2015,bottled beer
1995,6/12/2015,root vegetables
2134,8/27/2015,whole milk
2043,4/21/2015,pastry
1277,6/7/2015,whole milk
2580,10/24/2015,tropical fruit
3036,7/13/2015,"whipped,sour cream"
4872,2/13/2014,bottled beer
3663,6/28/2015,whole milk
1133,2/26/2015,"rolls,buns"
4524,12/26/2015,root vegetables
4671,8/1/2015,"rolls,buns"
2903,8/8/2015,bottled beer
2523,10/11/2014,pip fruit
4435,10/17/2014,newspapers
2247,5/31/2015,citrus fruit
2391,1/18/2014,"whipped,sour cream"
2218,5/13/2014,root vegetables
2426,9/26/2014,whole milk
2454,11/10/2015,sausage
1528,2/20/2015,sausage
3955,8/28/2015,sausage
3180,10/19/2015,canned beer
1929,4/14/2014,"rolls,buns"
3205,6/3/2014,other vegetables
1649,11/24/2014,"rolls,buns"
2421,11/21/2015,citrus fruit
4770,5/15/2014,pastry
2977,4/14/2015,other vegetables
1360,12/16/2015,whole milk
3176,5/25/2015,bottled beer
2326,11/13/2015,"whipped,sour cream"
1431,3/5/2015,other vegetables
4886,7/4/2014,shopping bags
1240,4/14/2015,other vegetables
4283,6/20/2014,tropical fruit
4084,9/28/2014,bottled water
3129,7/26/2014,pastry
4756,9/18/2015,bottled water
4190,6/28/2014,bottled water
4695,1/5/2015,shopping bags
4285,12/29/2015,whole milk
2390,8/21/2015,citrus fruit
2329,5/28/2014,newspapers
2764,12/28/2015,tropical fruit
4240,9/18/2015,citrus fruit
1635,11/25/2015,citrus fruit
2093,6/2/2014,other vegetables
2869,4/29/2015,whole milk
1737,1/23/2015,citrus fruit
4625,4/7/2015,bottled water
4799,8/8/2014,other vegetables
1682,9/9/2014,other vegetables
4073,2/13/2015,"whipped,sour cream"
3439,4/27/2014,whole milk
3794,11/26/2015,tropical fruit
1904,4/24/2014,newspapers
4569,7/27/2015,sausage
2311,6/6/2015,bottled water
1998,5/15/2015,root vegetables
4277,2/18/2015,whole milk
4463,6/8/2014,pip fruit
3424,8/16/2015,shopping bags
4821,11/28/2015,whole milk
1312,9/7/2014,tropical fruit
4080,9/22/2014,whole milk
2049,4/2/2014,whole milk
1939,10/30/2015,root vegetables
1424,10/9/2015,citrus fruit
1693,5/30/2014,canned beer
2563,6/3/2015,"rolls,buns"
3025,4/21/2015,bottled beer
3721,12/10/2014,tropical fruit
3894,12/13/2015,sausage
3204,5/8/2015,"rolls,buns"
1726,5/15/2014,pastry
3606,11/11/2014,other vegetables
1323,4/30/2015,bottled beer
4665,2/26/2015,whole milk
2470,5/14/2015,whole milk
2050,6/28/2015,"whipped,sour cream"
3327,10/13/2014,bottled water
4172,2/16/2014,"whipped,sour cream"
2851,9/16/2015,canned beer
4877,6/20/2015,root vegetables
2803,3/4/2014,shopping bags
3699,8/14/2014,bottled water
3639,1/20/2014,"whipped,sour cream"
1950,11/11/2015,whole milk
2338,9/22/2014,canned beer
4493,10/29/2015,root vegetables
4740,7/10/2015,other vegetables
4085,9/29/2015,newspapers
1088,11/30/2015,other vegetables
1570,3/20/2015,other vegetables
3358,3/29/2015,"rolls,buns"
1717,4/6/2014,"rolls,buns"
2625,4/8/2015,citrus fruit
1187,12/12/2015,shopping bags
4831,2/27/2015,pastry
1584,1/31/2015,whole milk
1631,8/14/2015,tropical fruit
3863,9/1/2014,shopping bags
1422,8/21/2015,other vegetables
3414,2/5/2015,other vegetables
2593,4/13/2014,newspapers
4434,8/31/2014,shopping bags
4384,9/22/2015,citrus fruit
4792,10/16/2014,bottled water
3507,7/20/2014,tropical fruit
3512,1/19/2014,other vegetables
4888,2/13/2015,canned beer
3605,4/5/2015,sausage
3772,2/18/2015,tropical fruit
1173,2/7/2015,bottled beer
1958,6/16/2014,whole milk
4731,4/4/2015,"rolls,buns"
4991,8/28/2014,other vegetables
1559,8/9/2014,other vegetables
2818,11/11/2015,bottled water
1148,4/15/2015,shopping bags
3592,12/14/2015,"whipped,sour cream"
4760,12/16/2014,other vegetables
3661,6/17/2015,whole milk
1535,1/14/2015,shopping bags
1432,8/4/2015,other vegetables
2191,10/25/2015,whole milk
4174,7/15/2014,citrus fruit
1756,3/3/2015,other vegetables
3912,1/6/2015,pastry
4831,4/12/2015,whole milk
1799,9/27/2015,shopping bags
4640,11/3/2014,bottled water
3675,11/15/2014,whole milk
1404,5/3/2015,"rolls,buns"
4598,11/18/2015,other vegetables
2692,6/23/2014,root vegetables
2115,6/24/2015,"rolls,buns"
2781,4/10/2015,bottled beer
2712,9/26/2015,other vegetables
2464,6/11/2014,other vegetables
2649,8/2/2014,bottled water
2131,8/27/2015,sausage
2236,2/3/2015,root vegetables
3038,1/11/2015,"rolls,buns"
4594,7/1/2014,other vegetables
1264,11/17/2015,bottled water
4286,6/6/2015,other vegetables
4242,12/9/2015,whole milk
1651,12/17/2015,tropical fruit
1269,4/24/2014,root vegetables
2553,8/16/2014,canned beer
3644,2/20/2014,bottled beer
1799,12/16/2014,tropical fruit
3948,9/17/2014,bottled beer
1431,11/7/2015,citrus fruit
4065,5/5/2015,shopping bags
2784,5/26/2014,"whipped,sour cream"
4196,7/9/2015,other vegetables
2388,11/19/2014,shopping bags
2019,9/8/2015,other vegetables
4788,9/9/2014,whole milk
3872,11/23/2015,bottled water
3763,6/27/2015,whole milk
2524,9/10/2015,"whipped,sour cream"
2453,6/6/2014,whole milk
4859,9/9/2015,"whipped,sour cream"
2511,7/8/2015,bottled water
1607,10/5/2014,other vegetables
4508,11/22/2014,pip fruit
2640,4/22/2015,other vegetables
3036,7/12/2015,canned beer
1366,5/29/2015,whole milk
1604,11/11/2015,tropical fruit
2694,11/24/2015,whole milk
3488,12/21/2015,"rolls,buns"
3864,12/30/2014,other vegetables
2375,9/3/2015,whole milk
3571,10/21/2015,tropical fruit
2454,11/9/2014,pastry
4199,8/4/2015,"rolls,buns"
2643,4/21/2015,tropical fruit
3086,4/4/2015,newspapers
1969,8/28/2014,bottled beer
4180,11/11/2015,root vegetables
4948,4/3/2014,other vegetables
3684,2/6/2014,whole milk
3864,5/1/2014,other vegetables
4040,11/14/2014,"rolls,buns"
1661,8/29/2014,tropical fruit
1690,5/9/2014,bottled water
2158,8/1/2015,whole milk
3468,7/8/2015,pastry
3060,8/18/2014,other vegetables
1407,4/29/2015,bottled water
1421,8/30/2014,pip fruit
4864,3/27/2015,whole milk
3526,10/24/2014,sausage
3894,1/25/2015,pastry
3544,7/13/2014,newspapers
3300,7/25/2015,newspapers
2837,9/19/2015,citrus fruit
3535,2/16/2014,whole milk
4536,4/6/2015,pip fruit
3495,2/1/2015,whole milk
4474,7/18/2014,bottled water
2682,6/16/2015,whole milk
1009,9/23/2015,pastry
4919,3/30/2015,pastry
3836,12/6/2015,other vegetables
2511,11/10/2014,bottled beer
1581,2/17/2014,newspapers
3356,5/23/2015,tropical fruit
2404,10/15/2015,pip fruit
4796,6/10/2015,whole milk
4035,1/12/2015,canned beer
2991,3/1/2014,root vegetables
3710,9/14/2014,whole milk
1163,3/11/2014,bottled water
2353,2/7/2015,bottled water
4951,5/10/2014,newspapers
3369,1/24/2014,"rolls,buns"
3803,10/20/2015,sausage
3843,9/6/2014,tropical fruit
2306,10/9/2015,"rolls,buns"
4441,11/9/2015,"rolls,buns"
2694,11/24/2015,pip fruit
4851,12/20/2015,sausage
3917,2/14/2014,sausage
3014,10/19/2015,pastry
3593,9/21/2014,"rolls,buns"
2753,2/23/2014,bottled beer
4616,2/14/2015,other vegetables
4441,11/9/2015,bottled beer
1800,5/2/2015,"rolls,buns"
4379,8/26/2014,"rolls,buns"
3377,8/29/2014,pip fruit
4480,5/17/2014,"rolls,buns"
1302,8/26/2015,citrus fruit
4387,9/16/2015,"rolls,buns"
3044,9/29/2015,bottled beer
4867,5/5/2014,newspapers
4337,4/27/2014,shopping bags
4526,6/8/2015,citrus fruit
3003,3/8/2014,citrus fruit
1489,6/23/2015,tropical fruit
4734,11/22/2015,"rolls,buns"
2617,11/16/2014,"rolls,buns"
1389,2/18/2015,tropical fruit
4312,4/22/2015,shopping bags
1646,7/21/2014,shopping bags
4820,10/28/2014,pastry
1705,5/5/2014,"rolls,buns"
4048,4/12/2014,"rolls,buns"
4718,6/12/2015,sausage
2017,2/14/2015,pip fruit
4842,10/19/2014,shopping bags
2221,12/16/2015,other vegetables
1847,5/13/2014,newspapers
1527,4/20/2015,"rolls,buns"
2970,11/11/2014,other vegetables
1587,5/15/2014,"rolls,buns"
4301,12/24/2014,pip fruit
3232,9/10/2014,pastry
4941,2/14/2015,"rolls,buns"
4788,2/17/2014,"whipped,sour cream"
1892,7/21/2014,pastry
1051,10/12/2015,tropical fruit
4823,2/22/2014,whole milk
2892,8/19/2014,pastry
3300,7/31/2014,"rolls,buns"
2659,12/8/2015,pip fruit
4329,1/20/2014,bottled water
4170,1/19/2015,bottled water
4215,6/30/2015,whole milk
2949,3/25/2014,bottled water
4730,9/26/2014,whole milk
4515,6/15/2015,canned beer
3659,4/13/2014,citrus fruit
3934,9/24/2014,bottled beer
2655,1/5/2015,shopping bags
1546,1/3/2015,bottled water
4658,7/14/2015,pastry
1968,10/3/2015,whole milk
4692,8/29/2014,citrus fruit
3229,11/16/2014,"rolls,buns"
4204,5/6/2015,shopping bags
4235,9/25/2015,bottled water
4846,10/28/2014,whole milk
1892,4/24/2015,shopping bags
1056,11/9/2015,"whipped,sour cream"
3376,1/7/2014,other vegetables
1864,6/30/2015,pip fruit
2798,6/27/2014,"rolls,buns"
1507,9/14/2014,whole milk
4812,1/22/2014,"rolls,buns"
1793,9/21/2015,"rolls,buns"
2560,5/17/2015,other vegetables
1926,7/25/2014,root vegetables
2355,2/19/2014,"rolls,buns"
1094,9/8/2015,whole milk
4090,6/3/2014,shopping bags
3515,9/6/2014,root vegetables
1659,3/25/2015,other vegetables
1125,8/27/2015,pastry
1845,2/11/2015,whole milk
2545,5/26/2014,citrus fruit
1377,3/14/2015,other vegetables
1206,5/15/2015,sausage
2754,6/4/2014,"rolls,buns"
1342,4/3/2014,"rolls,buns"
1405,5/14/2014,whole milk
3582,3/31/2015,newspapers
1824,11/28/2014,newspapers
2676,8/15/2015,"rolls,buns"
1202,4/22/2015,"rolls,buns"
2974,1/1/2014,"whipped,sour cream"
1086,7/27/2014,"rolls,buns"
2555,11/26/2014,"whipped,sour cream"
2645,6/26/2015,"rolls,buns"
4709,5/24/2014,citrus fruit
3068,6/19/2015,other vegetables
1461,8/11/2014,bottled beer
3138,12/28/2014,root vegetables
1444,3/7/2014,newspapers
3439,8/25/2015,canned beer
1507,6/6/2014,bottled water
1450,5/20/2014,canned beer
2553,2/1/2015,tropical fruit
1275,6/10/2014,citrus fruit
1793,9/24/2015,"rolls,buns"
1328,3/24/2015,whole milk
3966,1/11/2015,tropical fruit
2766,8/19/2015,whole milk
3142,5/11/2014,other vegetables
2636,9/11/2015,whole milk
4173,2/14/2014,"whipped,sour cream"
3463,5/9/2015,shopping bags
2431,10/27/2015,newspapers
4510,3/12/2014,citrus fruit
3537,3/26/2014,bottled water
4493,5/5/2014,other vegetables
3671,4/16/2014,whole milk
2322,2/15/2014,pip fruit
3018,11/17/2014,tropical fruit
2346,9/17/2015,whole milk
4542,1/18/2015,"whipped,sour cream"
2162,5/25/2014,whole milk
2167,12/8/2015,whole milk
1733,2/27/2014,"rolls,buns"
3273,2/4/2014,other vegetables
1107,1/3/2015,shopping bags
4891,9/5/2015,whole milk
3518,2/8/2014,whole milk
4326,1/21/2015,whole milk
1509,4/9/2014,bottled water
2061,12/15/2015,sausage
3679,5/25/2014,"rolls,buns"
1486,12/14/2015,"rolls,buns"
2240,5/18/2015,canned beer
4168,12/3/2014,"whipped,sour cream"
4216,1/21/2014,other vegetables
4463,11/3/2015,whole milk
2948,6/19/2015,other vegetables
2967,1/23/2014,canned beer
4662,8/25/2015,"rolls,buns"
2970,11/11/2014,other vegetables
3746,8/17/2015,newspapers
4244,4/17/2014,bottled beer
3559,7/2/2015,shopping bags
3166,5/3/2014,other vegetables
2245,5/15/2015,whole milk
2535,3/20/2015,"rolls,buns"
4638,10/11/2014,"whipped,sour cream"
1281,6/2/2015,"rolls,buns"
1141,4/8/2014,tropical fruit
1473,10/10/2014,whole milk
3486,1/27/2014,whole milk
3014,10/19/2015,newspapers
1001,2/7/2014,sausage
3548,12/3/2014,"whipped,sour cream"
2525,10/23/2015,canned beer
3588,5/5/2015,citrus fruit
3930,7/12/2015,citrus fruit
1138,2/24/2015,"rolls,buns"
3812,11/13/2015,"rolls,buns"
3209,1/25/2015,canned beer
4274,3/31/2014,pip fruit
3321,3/11/2014,"rolls,buns"
2047,5/12/2014,sausage
3438,1/4/2015,sausage
4532,11/30/2014,other vegetables
3642,2/24/2015,sausage
4121,1/27/2014,bottled water
1524,12/5/2015,root vegetables
4331,8/17/2014,other vegetables
3985,10/23/2015,whole milk
1087,7/25/2014,other vegetables
1012,11/19/2015,shopping bags
2961,3/14/2014,shopping bags
2217,12/2/2015,tropical fruit
1099,7/18/2014,pip fruit
1347,7/31/2015,other vegetables
1013,3/28/2014,"whipped,sour cream"
2503,2/8/2015,whole milk
4782,10/12/2014,"rolls,buns"
4206,4/4/2014,"rolls,buns"
3633,7/14/2015,pastry
3840,10/31/2014,bottled water
1606,11/11/2015,other vegetables
4555,7/23/2015,whole milk
1428,1/18/2015,"rolls,buns"
4161,9/24/2015,whole milk
1134,5/11/2014,pastry
3502,5/19/2014,other vegetables
4220,8/10/2015,tropical fruit
4946,2/17/2015,sausage
1364,8/11/2014,other vegetables
2648,1/29/2015,root vegetables
3164,9/30/2015,shopping bags
3942,1/1/2014,other vegetables
4274,2/24/2014,"rolls,buns"
4582,4/23/2014,bottled beer
1547,3/9/2014,whole milk
3487,10/25/2014,pip fruit
3441,4/12/2015,other vegetables
2937,1/10/2014,"rolls,buns"
2516,4/3/2015,whole milk
2659,5/8/2015,sausage
3889,11/22/2014,tropical fruit
1282,5/4/2014,shopping bags
3818,5/13/2015,other vegetables
3099,7/18/2015,whole milk
2532,7/6/2015,tropical fruit
3654,12/16/2015,bottled water
1328,8/14/2014,pastry
4826,6/15/2015,"rolls,buns"
2226,1/1/2014,bottled water
3811,5/11/2015,root vegetables
4686,6/27/2014,"rolls,buns"
4117,1/6/2015,bottled beer
1878,1/2/2014,root vegetables
3354,1/14/2015,citrus fruit
4357,4/13/2015,pip fruit
3124,4/9/2015,whole milk
1135,7/10/2015,shopping bags
2626,8/9/2014,whole milk
3430,1/26/2015,"rolls,buns"
3664,5/4/2015,canned beer
1200,8/8/2015,citrus fruit
2789,1/28/2015,whole milk
2108,10/1/2015,tropical fruit
2134,8/27/2015,pastry
3778,10/1/2015,tropical fruit
4220,8/10/2015,canned beer
2174,7/31/2014,other vegetables
1653,4/23/2014,pastry
3329,11/9/2014,whole milk
2652,8/1/2015,pastry
1164,3/30/2015,root vegetables
4597,7/17/2014,"whipped,sour cream"
1224,9/20/2014,sausage
1428,1/18/2015,whole milk
4267,9/13/2015,sausage
1309,4/1/2015,tropical fruit
1798,1/1/2015,pastry
1266,8/27/2014,other vegetables
1518,9/7/2015,other vegetables
4831,4/6/2015,sausage
3289,8/9/2015,tropical fruit
4134,5/5/2015,pip fruit
4661,4/18/2015,"rolls,buns"
1320,1/19/2015,root vegetables
2252,10/8/2015,bottled water
2755,5/17/2015,whole milk
3015,10/10/2015,sausage
4456,3/21/2015,bottled beer
1706,8/14/2015,canned beer
4470,6/13/2014,"rolls,buns"
4074,3/11/2014,whole milk
2602,12/11/2015,root vegetables
3566,12/14/2015,sausage
3053,12/13/2014,other vegetables
3009,11/13/2014,canned beer
1931,12/8/2014,pastry
2734,3/30/2015,"rolls,buns"
3587,8/3/2014,shopping bags
4776,3/26/2015,canned beer
3487,3/25/2014,whole milk
3685,3/4/2015,tropical fruit
1155,4/1/2015,sausage
3712,8/14/2014,canned beer
2910,12/4/2015,canned beer
1434,11/13/2014,canned beer
4588,4/30/2015,tropical fruit
3808,11/18/2014,other vegetables
3533,8/22/2014,other vegetables
4693,4/24/2015,"whipped,sour cream"
4206,4/4/2014,root vegetables
4646,3/30/2014,whole milk
3701,1/22/2015,shopping bags
2180,9/27/2014,other vegetables
2431,2/28/2014,whole milk
4535,8/31/2014,whole milk
3863,4/5/2014,bottled water
2151,8/3/2015,"rolls,buns"
4416,12/23/2015,whole milk
1961,12/15/2015,"rolls,buns"
1954,8/6/2015,bottled beer
1154,5/17/2015,sausage
1597,12/23/2014,other vegetables
3173,7/25/2015,root vegetables
3393,2/15/2015,tropical fruit
3327,5/4/2015,pip fruit
3499,12/2/2014,sausage
2877,4/10/2015,pip fruit
2785,7/12/2015,whole milk
1476,3/22/2015,newspapers
4821,12/12/2014,"rolls,buns"
4219,9/21/2014,citrus fruit
1206,5/15/2015,pastry
3476,4/21/2015,bottled water
1024,8/10/2015,root vegetables
2000,7/4/2014,bottled beer
2870,12/14/2014,tropical fruit
1999,5/31/2014,tropical fruit
2763,2/13/2015,"rolls,buns"
2916,4/19/2015,pastry
4018,2/21/2014,newspapers
4344,3/1/2015,sausage
4721,6/24/2014,"rolls,buns"
4160,8/12/2015,pip fruit
3779,9/15/2015,tropical fruit
2625,9/24/2014,whole milk
4734,7/12/2015,whole milk
4272,3/22/2015,whole milk
2010,1/6/2014,other vegetables
2851,3/16/2015,"rolls,buns"
4349,3/14/2015,citrus fruit
4594,5/2/2015,"whipped,sour cream"
2747,7/5/2015,whole milk
4657,8/15/2015,other vegetables
4788,7/28/2014,whole milk
4010,8/11/2014,other vegetables
3515,9/6/2014,pastry
2468,3/13/2015,bottled beer
1800,5/2/2015,root vegetables
3466,5/31/2014,"rolls,buns"
1032,9/23/2014,whole milk
4251,10/3/2015,tropical fruit
4131,3/29/2015,sausage
4771,11/2/2014,citrus fruit
3899,3/23/2015,tropical fruit
2709,5/18/2014,bottled water
3854,3/19/2015,citrus fruit
2331,11/28/2015,tropical fruit
3974,8/25/2014,whole milk
3568,10/17/2015,other vegetables
1553,7/21/2015,other vegetables
1363,6/21/2015,whole milk
4914,4/15/2014,root vegetables
1294,8/14/2014,other vegetables
1422,2/28/2015,whole milk
2345,11/30/2014,"rolls,buns"
4672,2/13/2015,whole milk
3705,9/7/2015,"rolls,buns"
2397,10/4/2015,shopping bags
2947,4/28/2015,bottled beer
4693,3/29/2014,shopping bags
4715,1/31/2014,sausage
4742,11/15/2015,tropical fruit
4817,12/20/2015,"rolls,buns"
3577,9/5/2014,newspapers
3393,11/7/2015,newspapers
4095,11/1/2015,other vegetables
1779,1/13/2014,newspapers
2101,12/20/2015,sausage
3323,2/8/2014,pastry
1658,9/3/2015,sausage
1754,6/7/2014,pastry
1549,3/18/2015,"rolls,buns"
3062,3/22/2015,shopping bags
2794,7/18/2015,whole milk
4412,3/11/2014,root vegetables
4429,7/21/2015,"rolls,buns"
2935,1/9/2015,other vegetables
1315,12/11/2014,tropical fruit
2957,12/21/2014,bottled beer
4484,6/6/2014,"whipped,sour cream"
4405,1/6/2015,bottled water
4175,1/29/2015,other vegetables
3763,4/29/2015,canned beer
4915,1/11/2014,"rolls,buns"
3450,12/24/2015,shopping bags
1303,10/28/2014,tropical fruit
1259,11/27/2015,root vegetables
3058,3/12/2014,"rolls,buns"
2769,7/31/2015,"rolls,buns"
1634,2/9/2015,bottled water
4464,2/18/2014,sausage
4361,7/14/2014,root vegetables
2767,1/27/2015,other vegetables
2403,11/28/2015,whole milk
2355,1/26/2014,canned beer
2975,3/27/2014,root vegetables
1873,9/19/2015,sausage
2906,11/13/2014,bottled beer
3090,1/23/2014,other vegetables
3398,1/18/2015,citrus fruit
4227,7/25/2014,citrus fruit
2794,2/18/2014,canned beer
4359,7/3/2014,citrus fruit
3546,9/9/2014,bottled beer
2715,5/23/2014,pip fruit
2048,12/17/2014,"rolls,buns"
2495,7/28/2015,bottled beer
1479,5/15/2015,sausage
2401,12/19/2015,root vegetables
4075,3/8/2014,whole milk
4868,6/14/2014,bottled beer
2245,5/15/2015,sausage
3120,11/8/2014,bottled water
3646,5/12/2014,"rolls,buns"
1197,3/19/2014,pip fruit
4976,7/17/2015,tropical fruit
1578,8/24/2014,citrus fruit
2578,11/7/2014,other vegetables
4636,4/10/2015,tropical fruit
3323,11/12/2015,shopping bags
4108,9/13/2014,"whipped,sour cream"
2361,10/3/2015,other vegetables
4364,6/7/2014,"rolls,buns"
4713,6/27/2014,newspapers
2393,4/17/2015,"whipped,sour cream"
3112,5/8/2014,whole milk
3651,7/31/2015,shopping bags
3511,6/4/2014,whole milk
1959,3/19/2015,other vegetables
3181,5/8/2014,pip fruit
3465,9/30/2014,tropical fruit
2796,10/17/2015,"rolls,buns"
4705,10/20/2014,tropical fruit
1440,1/6/2014,tropical fruit
2852,6/8/2015,"whipped,sour cream"
4811,11/2/2015,"rolls,buns"
2056,11/24/2015,pastry
4999,1/24/2015,tropical fruit
2312,2/25/2014,other vegetables
1628,2/10/2014,whole milk
3407,3/25/2015,tropical fruit
2863,3/12/2014,bottled beer
1777,4/21/2015,tropical fruit
3402,1/6/2015,shopping bags
1823,11/27/2015,whole milk
3857,11/4/2015,whole milk
3423,7/16/2014,"whipped,sour cream"
2975,1/28/2015,other vegetables
2517,3/22/2015,tropical fruit
1901,11/29/2015,whole milk
3135,3/13/2015,sausage
3752,4/25/2015,root vegetables
2940,10/18/2015,"rolls,buns"
4820,7/2/2014,other vegetables
1359,5/29/2014,newspapers
4745,9/29/2015,shopping bags
2742,7/7/2014,other vegetables
1395,3/7/2015,other vegetables
3948,4/10/2014,whole milk
3835,1/6/2015,tropical fruit
4223,7/19/2015,citrus fruit
2489,2/6/2014,bottled beer
1003,10/15/2014,root vegetables
2376,5/28/2015,whole milk
1237,4/9/2015,whole milk
3308,8/21/2014,bottled water
3246,12/25/2014,pastry
1939,7/15/2015,tropical fruit
4925,9/26/2014,pip fruit
4684,8/31/2014,shopping bags
1293,3/5/2015,tropical fruit
1737,5/9/2015,other vegetables
4783,1/27/2015,sausage
3300,10/6/2015,root vegetables
2898,1/7/2014,bottled water
3878,11/27/2014,"rolls,buns"
1887,2/3/2015,tropical fruit
3306,6/5/2014,canned beer
1369,5/5/2014,whole milk
4508,6/14/2014,whole milk
3357,6/22/2014,newspapers
2519,8/4/2014,bottled water
2366,10/11/2014,other vegetables
4115,5/7/2014,shopping bags
1370,6/28/2015,whole milk
1220,2/9/2015,"rolls,buns"
2584,3/31/2015,shopping bags
1737,5/9/2015,newspapers
3705,9/7/2015,root vegetables
3365,2/1/2015,root vegetables
2716,1/16/2014,"rolls,buns"
2540,7/23/2014,whole milk
3250,10/19/2014,root vegetables
4348,8/6/2014,citrus fruit
1339,5/23/2015,tropical fruit
1622,2/12/2015,tropical fruit
3204,5/29/2014,tropical fruit
4277,8/9/2015,root vegetables
4572,10/29/2015,pastry
3752,4/15/2015,whole milk
2340,4/8/2014,"rolls,buns"
2641,1/1/2015,other vegetables
2560,11/26/2015,root vegetables
2058,5/8/2014,pip fruit
1522,1/7/2014,whole milk
2212,8/27/2015,newspapers
4262,4/25/2015,whole milk
1374,9/1/2014,bottled water
3175,6/5/2015,other vegetables
3985,1/20/2015,bottled beer
4727,4/12/2014,other vegetables
3405,4/13/2015,whole milk
4991,5/19/2014,shopping bags
1067,3/5/2015,whole milk
2679,8/31/2014,"rolls,buns"
3348,12/5/2015,whole milk
4899,8/27/2014,"rolls,buns"
2370,1/14/2015,bottled beer
4121,1/27/2014,whole milk
2095,4/6/2015,whole milk
3755,11/19/2014,whole milk
4958,5/24/2015,tropical fruit
3365,6/28/2015,other vegetables
1510,8/21/2015,whole milk
2813,10/1/2015,whole milk
4726,4/1/2014,whole milk
3438,6/2/2014,"rolls,buns"
1094,8/18/2014,newspapers
4550,3/2/2015,other vegetables
3674,8/13/2015,bottled water
1065,1/14/2014,whole milk
2663,5/13/2014,bottled water
4296,12/15/2014,sausage
3980,5/31/2014,pip fruit
4335,6/10/2015,sausage
4444,7/9/2014,bottled water
2175,3/6/2015,other vegetables
2272,6/5/2014,whole milk
3971,2/4/2014,whole milk
2357,6/5/2014,pip fruit
4068,12/11/2015,pip fruit
4190,12/24/2015,root vegetables
2238,3/20/2015,sausage
4735,4/1/2015,whole milk
4394,5/27/2014,pastry
3353,8/14/2015,sausage
3613,1/25/2014,root vegetables
3857,11/4/2015,canned beer
2110,11/22/2014,newspapers
2345,6/9/2014,"whipped,sour cream"
3719,12/17/2015,canned beer
3699,12/12/2015,pastry
4869,9/21/2014,"rolls,buns"
4559,5/12/2015,canned beer
4524,4/17/2014,other vegetables
1204,4/11/2015,root vegetables
1020,10/13/2015,"rolls,buns"
1492,5/2/2014,whole milk
4104,7/27/2015,other vegetables
4592,12/8/2015,citrus fruit
3543,3/18/2015,tropical fruit
3868,8/19/2015,pastry
4146,2/9/2015,"rolls,buns"
4146,1/3/2014,root vegetables
2517,12/12/2015,whole milk
2559,7/7/2014,other vegetables
2231,3/27/2014,tropical fruit
2397,6/23/2015,"whipped,sour cream"
1295,1/28/2015,sausage
4960,10/19/2014,root vegetables
1734,6/8/2015,sausage
3960,9/21/2015,whole milk
4291,12/9/2015,pip fruit
2597,9/21/2014,sausage
1860,1/31/2014,"rolls,buns"
1152,3/5/2015,"rolls,buns"
2541,5/7/2014,newspapers
3692,10/19/2014,bottled beer
3787,9/25/2014,"whipped,sour cream"
2246,1/21/2014,newspapers
3205,3/20/2015,sausage
3465,1/27/2014,shopping bags
2789,7/12/2014,citrus fruit
1000,3/15/2015,whole milk
3832,6/7/2014,bottled beer
3184,11/20/2015,citrus fruit
4719,6/1/2015,pip fruit
4764,9/27/2015,pip fruit
2107,10/30/2014,canned beer
1628,11/19/2015,pastry
4086,11/15/2014,pastry
3500,7/21/2015,pip fruit
2446,1/19/2014,"whipped,sour cream"
3472,2/6/2015,citrus fruit
2229,10/25/2015,other vegetables
2196,8/23/2015,tropical fruit
1296,8/20/2015,tropical fruit
2469,3/23/2015,whole milk
3818,3/11/2014,whole milk
1817,9/2/2014,"whipped,sour cream"
1924,9/7/2015,sausage
3405,8/20/2014,whole milk
2116,8/29/2015,canned beer
4831,2/27/2015,"rolls,buns"
2561,2/26/2015,root vegetables
4244,4/17/2014,other vegetables
2521,3/22/2014,root vegetables
1605,11/13/2014,canned beer
1730,1/24/2015,whole milk
4153,7/27/2014,bottled water
4099,5/23/2014,root vegetables
2489,12/22/2015,"whipped,sour cream"
3691,8/24/2015,sausage
4406,8/16/2014,shopping bags
4534,8/28/2014,tropical fruit
4931,5/4/2015,citrus fruit
3905,6/19/2015,shopping bags
1528,2/1/2014,tropical fruit
3337,6/10/2015,root vegetables
2088,9/21/2014,newspapers
4134,12/26/2014,other vegetables
2496,12/2/2015,pip fruit
2152,11/23/2014,bottled water
4225,5/1/2015,bottled beer
4914,11/29/2015,whole milk
4641,7/6/2015,pip fruit
2716,9/3/2014,bottled water
1949,3/17/2015,tropical fruit
4076,4/7/2014,whole milk
2557,1/29/2014,"rolls,buns"
2359,4/21/2015,"rolls,buns"
1947,2/27/2014,canned beer
2931,7/5/2014,pip fruit
3697,10/3/2015,shopping bags
1193,2/16/2014,shopping bags
2140,12/30/2015,sausage
2795,6/27/2014,whole milk
2857,4/18/2015,tropical fruit
4586,5/17/2014,"rolls,buns"
4633,4/26/2015,bottled water
2670,8/15/2014,whole milk
3273,3/15/2015,sausage
1154,4/6/2015,other vegetables
2600,4/29/2015,other vegetables
4799,4/22/2015,citrus fruit
2537,10/14/2015,other vegetables
1652,3/15/2014,pastry
1792,8/15/2015,tropical fruit
2201,2/4/2014,other vegetables
1870,6/17/2014,citrus fruit
1583,11/27/2014,citrus fruit
3847,6/8/2014,sausage
2626,2/14/2014,other vegetables
3397,10/7/2014,bottled beer
2484,8/17/2014,"rolls,buns"
1783,5/12/2014,bottled water
2942,8/17/2014,citrus fruit
3288,4/20/2014,bottled water
1390,3/2/2015,pastry
4004,5/10/2015,pastry
4535,12/5/2015,"rolls,buns"
3166,3/14/2015,whole milk
3100,12/19/2014,root vegetables
1566,11/19/2015,bottled beer
1170,5/22/2014,whole milk
3180,2/24/2014,citrus fruit
4645,12/13/2014,other vegetables
1000,7/24/2015,canned beer
4848,7/7/2015,"rolls,buns"
4577,11/4/2015,root vegetables
3759,9/8/2015,whole milk
4783,10/22/2015,bottled beer
3491,12/11/2014,"rolls,buns"
2332,12/15/2015,tropical fruit
2851,1/1/2015,canned beer
4508,8/22/2014,"rolls,buns"
2060,7/26/2015,pip fruit
2835,8/11/2014,root vegetables
1602,12/17/2014,other vegetables
3814,7/21/2015,whole milk
2463,12/26/2015,whole milk
2864,3/13/2015,citrus fruit
3475,12/23/2014,other vegetables
2286,11/21/2015,whole milk
2511,2/24/2014,whole milk
4081,10/20/2015,"rolls,buns"
4501,6/15/2015,other vegetables
2175,5/23/2014,pastry
1163,3/11/2014,sausage
1345,3/21/2015,whole milk
4937,6/28/2015,shopping bags
3852,8/31/2014,"rolls,buns"
1138,9/2/2015,root vegetables
2939,8/3/2015,root vegetables
4357,4/13/2015,sausage
3037,2/1/2015,whole milk
1538,3/8/2015,sausage
3619,12/21/2014,newspapers
2274,4/11/2014,other vegetables
2029,7/8/2015,"rolls,buns"
2105,1/21/2015,tropical fruit
1531,1/19/2015,sausage
3600,11/26/2015,whole milk
1440,12/6/2015,tropical fruit
3030,5/2/2014,pastry
2073,2/4/2015,sausage
4953,9/16/2015,citrus fruit
1595,10/5/2015,sausage
1703,2/21/2015,newspapers
2352,5/5/2015,sausage
1654,6/7/2014,other vegetables
1287,7/8/2014,other vegetables
4847,2/1/2014,other vegetables
4077,8/4/2015,pip fruit
1135,4/29/2015,other vegetables
2758,6/30/2014,whole milk
2233,4/24/2014,other vegetables
2115,9/19/2014,"whipped,sour cream"
4449,9/25/2014,root vegetables
1546,1/3/2015,"whipped,sour cream"
3259,3/12/2014,other vegetables
1237,3/12/2014,citrus fruit
2426,9/12/2014,root vegetables
4479,1/24/2014,"rolls,buns"
1225,3/26/2015,other vegetables
4338,10/11/2015,pip fruit
2049,10/7/2015,whole milk
3051,11/29/2015,other vegetables
3328,8/16/2015,whole milk
2584,11/30/2014,bottled water
3491,10/26/2015,sausage
2106,9/6/2014,whole milk
2906,3/2/2014,whole milk
4841,5/2/2015,"rolls,buns"
1437,3/15/2014,pastry
4789,9/11/2015,shopping bags
3356,5/23/2015,citrus fruit
3760,9/11/2014,shopping bags
1293,3/5/2015,pip fruit
1697,6/15/2014,pip fruit
4831,8/16/2014,bottled beer
1934,8/6/2015,sausage
4656,12/25/2015,root vegetables
4991,12/22/2014,other vegetables
2302,1/29/2014,other vegetables
2451,9/28/2014,other vegetables
4943,7/28/2015,sausage
4065,7/7/2015,other vegetables
2439,6/6/2014,shopping bags
2185,4/1/2014,"rolls,buns"
1683,5/26/2015,root vegetables
1522,8/23/2014,newspapers
3729,12/24/2014,shopping bags
4094,7/14/2014,other vegetables
2151,4/11/2014,shopping bags
2349,7/17/2015,bottled beer
2835,11/21/2014,"rolls,buns"
2824,9/5/2014,pip fruit
2511,10/4/2014,bottled water
3741,11/21/2015,other vegetables
2952,11/25/2015,"rolls,buns"
3680,11/24/2015,whole milk
2114,8/22/2014,bottled water
4077,9/29/2014,newspapers
3986,7/25/2015,whole milk
1742,12/12/2015,sausage
4614,2/23/2015,"rolls,buns"
4859,9/9/2015,whole milk
2854,2/13/2014,bottled beer
4669,5/27/2015,other vegetables
2750,9/14/2015,whole milk
2526,2/8/2014,bottled beer
3396,11/5/2014,bottled beer
1740,10/30/2014,whole milk
4123,7/7/2014,bottled water
3687,7/16/2015,citrus fruit
4320,2/17/2014,"rolls,buns"
1640,3/8/2014,root vegetables
1807,12/18/2015,other vegetables
1707,6/9/2015,sausage
4260,5/30/2015,"rolls,buns"
4321,10/27/2015,pip fruit
4516,12/7/2015,root vegetables
3976,3/13/2014,other vegetables
3443,9/26/2014,sausage
4497,2/20/2015,root vegetables
3321,12/25/2015,sausage
4704,11/7/2014,other vegetables
1999,8/24/2015,shopping bags
2600,4/29/2015,whole milk
1623,3/1/2015,pastry
1442,3/30/2015,newspapers
3111,2/19/2014,bottled water
2393,4/17/2015,whole milk
1460,6/24/2015,tropical fruit
3948,6/15/2015,whole milk
4030,12/22/2015,pip fruit
2417,11/3/2014,newspapers
1482,10/22/2014,"rolls,buns"
3289,9/27/2014,"rolls,buns"
4907,4/21/2015,citrus fruit
3782,4/25/2014,tropical fruit
4697,2/10/2015,whole milk
3082,9/7/2014,tropical fruit
2222,4/3/2014,"rolls,buns"
1872,4/5/2015,whole milk
2407,3/17/2014,other vegetables
4092,9/30/2015,tropical fruit
3504,11/5/2015,other vegetables
2798,8/22/2015,pastry
3758,1/2/2014,"rolls,buns"
3757,2/4/2015,other vegetables
1685,8/18/2015,other vegetables
3252,5/14/2014,"rolls,buns"
3318,1/12/2015,other vegetables
1002,4/26/2014,whole milk
1342,2/19/2015,pastry
1134,2/18/2014,newspapers
2061,12/27/2015,tropical fruit
3157,4/25/2014,whole milk
3518,5/18/2015,sausage
3876,8/25/2014,other vegetables
4445,4/25/2014,"rolls,buns"
3087,12/27/2014,bottled water
1298,7/26/2014,"rolls,buns"
3579,12/30/2015,other vegetables
3220,3/15/2014,other vegetables
4426,1/5/2014,pip fruit
3754,1/2/2015,pip fruit
3883,10/5/2015,whole milk
3604,8/12/2014,pip fruit
3684,1/5/2014,newspapers
2939,11/2/2014,bottled water
1947,1/7/2014,whole milk
2234,7/29/2015,sausage
2798,6/27/2014,bottled water
4717,6/23/2014,newspapers
4524,12/26/2015,"whipped,sour cream"
4872,2/13/2014,newspapers
2194,1/11/2015,other vegetables
2276,11/29/2014,tropical fruit
1233,8/28/2014,"rolls,buns"
1048,10/18/2015,"rolls,buns"
3861,3/18/2014,root vegetables
2421,8/5/2014,bottled beer
2032,7/28/2015,tropical fruit
4527,3/22/2014,newspapers
4303,12/25/2015,other vegetables
1831,1/9/2015,whole milk
2059,9/7/2014,whole milk
1407,4/29/2015,bottled beer
1076,6/12/2015,bottled water
2981,5/11/2015,whole milk
3786,4/2/2014,pastry
3075,10/15/2015,other vegetables
3737,12/6/2015,bottled beer
3520,11/9/2015,other vegetables
1658,1/3/2014,citrus fruit
2997,6/2/2015,canned beer
2436,4/12/2015,bottled water
4190,4/4/2015,newspapers
1051,12/26/2014,shopping bags
4662,11/17/2015,"rolls,buns"
1670,5/17/2015,citrus fruit
4219,10/16/2015,"rolls,buns"
2263,7/2/2015,tropical fruit
2422,8/12/2015,tropical fruit
2202,6/24/2015,root vegetables
1955,6/3/2014,shopping bags
2814,7/17/2015,newspapers
1910,5/20/2014,other vegetables
3204,2/20/2015,tropical fruit
4572,10/29/2015,"rolls,buns"
1258,8/9/2014,"whipped,sour cream"
1584,1/26/2015,"rolls,buns"
3229,3/25/2015,other vegetables
3808,3/28/2014,"whipped,sour cream"
3356,6/26/2014,other vegetables
3048,10/6/2015,"rolls,buns"
4939,1/8/2014,"whipped,sour cream"
2028,12/20/2015,root vegetables
1997,10/26/2015,pip fruit
1759,9/26/2015,whole milk
3250,4/12/2015,tropical fruit
1793,10/27/2014,other vegetables
1747,12/17/2014,canned beer
3105,4/12/2014,"whipped,sour cream"
3738,7/15/2015,other vegetables
1940,6/4/2015,whole milk
4314,10/25/2014,other vegetables
1354,11/29/2015,pastry
2148,12/6/2014,citrus fruit
1327,3/8/2014,shopping bags
3001,11/14/2015,sausage
3578,5/16/2015,whole milk
2789,9/19/2014,bottled water
2445,4/17/2014,pip fruit
1844,7/24/2015,pip fruit
3668,8/11/2014,citrus fruit
3752,8/20/2015,bottled water
2219,5/30/2014,root vegetables
1468,7/12/2014,bottled water
2149,3/21/2014,other vegetables
3484,8/6/2014,pip fruit
2663,10/21/2015,sausage
2227,6/7/2015,other vegetables
4801,8/4/2015,whole milk
1276,4/28/2015,bottled beer
4573,10/10/2015,whole milk
4969,5/26/2015,sausage
1235,1/1/2015,sausage
3111,10/15/2015,newspapers
4356,12/1/2015,tropical fruit
1379,7/2/2014,root vegetables
2550,6/11/2014,pip fruit
2071,9/30/2015,whole milk
1727,8/11/2014,whole milk
3090,6/7/2014,shopping bags
4828,10/11/2015,canned beer
2377,2/13/2014,pastry
2552,6/20/2014,whole milk
4307,7/5/2014,shopping bags
1661,6/1/2015,pip fruit
4555,7/9/2015,citrus fruit
2834,2/7/2014,other vegetables
4161,5/3/2015,"whipped,sour cream"
2390,11/28/2014,other vegetables
4298,7/25/2015,whole milk
2690,3/6/2015,whole milk
4623,11/19/2014,shopping bags
3347,4/24/2015,pastry
1041,6/29/2014,tropical fruit
1993,10/12/2014,"rolls,buns"
1566,6/5/2015,whole milk
1612,11/6/2015,bottled water
4916,2/26/2015,other vegetables
4195,9/9/2014,shopping bags
2235,9/13/2015,root vegetables
1269,9/30/2015,whole milk
1358,9/11/2015,whole milk
4833,4/27/2014,"rolls,buns"
2635,9/17/2015,whole milk
3765,4/1/2014,tropical fruit
3997,10/12/2015,bottled beer
4430,2/22/2015,bottled beer
1273,5/4/2015,whole milk
2757,12/16/2015,"whipped,sour cream"
2331,4/8/2014,tropical fruit
2291,8/14/2014,canned beer
4453,8/2/2015,sausage
2492,11/1/2015,canned beer
2492,3/14/2014,shopping bags
3733,8/5/2014,newspapers
4019,8/28/2015,whole milk
1325,5/26/2015,bottled water
3866,7/7/2015,whole milk
3909,8/13/2014,root vegetables
3125,10/5/2014,tropical fruit
4832,12/3/2015,other vegetables
3835,10/15/2014,bottled beer
3926,3/23/2015,other vegetables
2164,3/19/2015,"rolls,buns"
4956,7/5/2014,bottled water
4049,8/1/2015,whole milk
2907,4/17/2014,citrus fruit
4204,10/16/2015,"rolls,buns"
4225,5/1/2015,pip fruit
4938,3/29/2015,"whipped,sour cream"
3586,5/2/2015,whole milk
2372,10/10/2014,sausage
3251,12/26/2015,"rolls,buns"
4914,3/14/2015,pastry
2650,10/5/2015,other vegetables
2511,11/10/2014,bottled water
4437,7/28/2015,"rolls,buns"
2869,12/10/2015,root vegetables
4911,1/7/2015,newspapers
3419,7/25/2015,tropical fruit
4645,12/6/2015,bottled beer
4372,7/30/2015,pip fruit
3385,6/22/2015,"rolls,buns"
4213,4/28/2014,other vegetables
1934,8/6/2015,"whipped,sour cream"
4574,11/27/2015,bottled beer
4098,9/12/2014,tropical fruit
3562,3/18/2015,tropical fruit
4371,6/21/2015,bottled beer
3344,1/21/2014,bottled water
4881,7/28/2015,"whipped,sour cream"
1125,11/19/2015,citrus fruit
1911,6/2/2015,tropical fruit
3214,1/14/2015,"whipped,sour cream"
1950,10/23/2015,sausage
1294,8/14/2014,root vegetables
4821,9/2/2014,"rolls,buns"
2264,1/12/2015,tropical fruit
2094,3/2/2014,whole milk
2113,9/7/2015,whole milk
3470,2/19/2015,root vegetables
1145,10/7/2015,tropical fruit
4212,5/1/2015,tropical fruit
4118,12/24/2015,other vegetables
4097,7/14/2014,whole milk
2594,9/15/2014,pastry
3189,4/16/2014,whole milk
1076,10/14/2015,whole milk
4420,2/25/2015,"rolls,buns"
3508,12/15/2014,root vegetables
3582,6/16/2014,tropical fruit
1753,10/3/2014,whole milk
3614,4/28/2015,pastry
4875,8/22/2015,pastry
3671,10/11/2015,shopping bags
1459,7/18/2015,whole milk
4507,8/15/2015,citrus fruit
3757,2/4/2015,whole milk
4065,10/12/2014,bottled water
3582,5/27/2014,"rolls,buns"
2484,8/12/2015,tropical fruit
4410,5/24/2014,"rolls,buns"
4720,2/22/2015,other vegetables
4606,5/15/2015,whole milk
4670,1/28/2014,whole milk
3669,6/25/2014,shopping bags
4537,10/12/2015,"rolls,buns"
4163,2/16/2014,other vegetables
3980,9/16/2015,root vegetables
2641,3/1/2015,whole milk
4021,10/31/2014,other vegetables
3231,3/31/2015,sausage
1653,5/29/2014,whole milk
2426,9/8/2015,"whipped,sour cream"
2590,8/27/2014,tropical fruit
2270,7/1/2015,whole milk
4335,12/5/2015,whole milk
4564,7/8/2015,"rolls,buns"
2860,7/8/2014,other vegetables
4915,6/28/2014,other vegetables
2964,9/22/2014,tropical fruit
4060,10/11/2014,"rolls,buns"
4032,8/10/2015,other vegetables
4599,4/23/2014,pastry
4306,12/28/2015,pastry
1345,4/8/2014,shopping bags
1730,9/19/2015,"rolls,buns"
3923,6/28/2014,shopping bags
1515,3/9/2014,root vegetables
4292,1/19/2014,"whipped,sour cream"
3009,8/14/2015,sausage
1647,2/22/2014,"whipped,sour cream"
1574,6/17/2014,pastry
1153,8/10/2014,bottled beer
2164,2/5/2014,whole milk
4301,12/24/2014,other vegetables
3682,3/5/2015,canned beer
2443,3/10/2014,sausage
4299,8/14/2015,"rolls,buns"
2962,3/1/2015,bottled water
2751,2/3/2015,tropical fruit
3779,4/27/2014,whole milk
4232,12/19/2015,pip fruit
4489,11/19/2015,shopping bags
4434,11/29/2014,tropical fruit
2433,10/19/2015,root vegetables
3812,7/21/2015,sausage
3899,4/22/2015,whole milk
2206,3/21/2015,citrus fruit
1113,1/7/2014,newspapers
4293,8/24/2015,"rolls,buns"
1283,9/22/2015,root vegetables
3211,12/16/2014,"rolls,buns"
3619,8/24/2014,tropical fruit
3357,6/22/2014,bottled beer
2520,1/16/2014,newspapers
3811,3/23/2014,other vegetables
3559,7/17/2014,other vegetables
4744,8/29/2015,whole milk
3489,9/1/2015,tropical fruit
3103,2/26/2014,other vegetables
4664,5/26/2015,root vegetables
1069,8/20/2015,tropical fruit
3593,8/31/2015,pip fruit
3033,9/25/2014,whole milk
4554,8/27/2015,root vegetables
2589,3/31/2014,whole milk
4011,8/28/2014,other vegetables
3498,3/31/2015,other vegetables
1540,11/26/2015,root vegetables
1023,6/28/2015,bottled beer
4299,1/19/2014,other vegetables
1698,6/26/2015,other vegetables
3123,4/16/2014,"rolls,buns"
3897,11/4/2014,canned beer
4356,12/1/2015,whole milk
1571,5/24/2015,whole milk
1710,12/5/2015,"rolls,buns"
3262,12/8/2015,"rolls,buns"
4847,10/16/2014,whole milk
1863,6/1/2014,newspapers
3861,3/18/2014,pip fruit
2540,12/16/2014,canned beer
4723,11/7/2014,"rolls,buns"
2215,11/26/2015,citrus fruit
3686,8/29/2015,other vegetables
1634,5/28/2015,bottled water
4864,6/16/2014,sausage
3309,1/21/2015,shopping bags
1363,6/16/2015,whole milk
3454,12/17/2015,other vegetables
1734,2/15/2015,"whipped,sour cream"
4155,9/24/2015,sausage
1861,5/19/2015,other vegetables
1118,11/7/2014,pip fruit
3766,5/7/2015,citrus fruit
2235,9/13/2015,pip fruit
3183,8/7/2015,tropical fruit
4428,8/16/2014,other vegetables
3690,4/24/2015,pip fruit
1011,2/15/2014,"rolls,buns"
1092,7/3/2015,shopping bags
4217,2/5/2015,sausage
2086,1/8/2014,root vegetables
4144,4/1/2015,whole milk
2475,9/29/2014,"rolls,buns"
2779,12/27/2015,root vegetables
1779,1/13/2014,citrus fruit
4851,12/20/2015,pip fruit
1085,5/25/2014,newspapers
3549,3/24/2014,whole milk
2264,10/17/2014,other vegetables
2836,10/4/2014,shopping bags
3177,9/13/2014,pip fruit
3643,3/6/2014,"whipped,sour cream"
1374,8/5/2015,"rolls,buns"
2279,11/25/2014,bottled water
4840,4/15/2014,whole milk
2469,3/23/2015,other vegetables
4444,10/6/2015,root vegetables
2084,8/15/2015,root vegetables
3460,2/14/2015,tropical fruit
3424,5/1/2015,root vegetables
2453,5/7/2014,sausage
3593,5/27/2015,other vegetables
4436,12/23/2015,other vegetables
2870,1/21/2015,whole milk
1143,4/25/2015,whole milk
1136,11/3/2015,whole milk
3014,12/20/2014,root vegetables
2876,3/22/2015,sausage
1026,8/23/2014,citrus fruit
2448,12/29/2015,pastry
1616,12/8/2015,pip fruit
4260,5/30/2015,root vegetables
2512,9/2/2015,newspapers
1582,7/8/2015,sausage
1846,9/11/2015,root vegetables
3208,12/2/2014,whole milk
2283,11/22/2014,pastry
4657,8/15/2015,other vegetables
2020,11/19/2015,sausage
3442,11/14/2015,pip fruit
1421,2/23/2015,citrus fruit
2916,6/13/2015,other vegetables
3590,3/29/2014,whole milk
3980,9/16/2015,root vegetables
1976,10/14/2015,bottled water
4552,8/13/2015,other vegetables
2311,3/13/2014,citrus fruit
1607,10/12/2014,"rolls,buns"
2949,6/1/2014,shopping bags
3521,7/17/2015,whole milk
3913,3/21/2015,canned beer
1729,3/20/2014,"whipped,sour cream"
2632,3/2/2015,root vegetables
3803,10/6/2015,root vegetables
1751,2/27/2014,newspapers
1026,6/18/2014,root vegetables
2051,12/3/2014,"rolls,buns"
1616,11/7/2014,pastry
4839,6/3/2014,sausage
1033,3/2/2014,pastry
4896,3/5/2014,other vegetables
4232,7/7/2014,root vegetables
4561,1/27/2014,pastry
4005,5/13/2014,"rolls,buns"
4156,8/3/2015,bottled beer
1158,2/19/2014,bottled water
4485,7/28/2014,"rolls,buns"
2050,6/28/2015,other vegetables
1037,6/6/2014,citrus fruit
1625,11/27/2015,root vegetables
2585,9/28/2014,"rolls,buns"
3568,10/17/2015,bottled beer
4683,9/23/2015,"whipped,sour cream"
3732,7/14/2014,newspapers
2571,5/2/2015,root vegetables
2622,10/1/2015,other vegetables
4238,12/3/2015,pastry
3697,1/16/2014,shopping bags
4073,11/2/2015,tropical fruit
2602,1/20/2014,whole milk
3620,9/14/2014,"whipped,sour cream"
4305,9/2/2014,tropical fruit
2440,6/6/2015,whole milk
3050,3/11/2015,pip fruit
3756,12/2/2015,whole milk
1302,11/22/2014,root vegetables
3872,2/7/2015,whole milk
2092,9/4/2015,tropical fruit
1788,12/2/2014,other vegetables
2328,2/22/2015,other vegetables
1798,1/17/2014,pastry
4336,4/27/2015,newspapers
3268,1/23/2014,citrus fruit
3914,1/8/2015,canned beer
3071,6/13/2015,sausage
3483,11/22/2015,tropical fruit
3102,11/28/2014,shopping bags
4622,9/11/2014,shopping bags
3582,4/8/2014,whole milk
3613,6/5/2015,root vegetables
3357,6/8/2015,newspapers
1233,8/13/2015,other vegetables
1583,5/31/2015,bottled water
1502,4/16/2015,sausage
1930,11/15/2015,tropical fruit
1707,12/22/2014,bottled beer
2907,10/15/2014,sausage
4149,1/7/2015,citrus fruit
3015,8/7/2014,root vegetables
1058,8/7/2014,root vegetables
2011,12/22/2015,other vegetables
3315,9/25/2014,"rolls,buns"
2451,2/26/2014,bottled water
4933,2/27/2015,whole milk
1235,6/14/2014,bottled beer
3287,5/13/2014,root vegetables
4677,4/9/2015,"rolls,buns"
2129,3/18/2015,pip fruit
4831,11/13/2015,whole milk
3582,3/31/2015,whole milk
2018,2/5/2014,tropical fruit
3016,5/23/2014,pastry
4614,12/1/2014,sausage
3456,6/16/2015,root vegetables
2188,11/28/2015,"rolls,buns"
3162,6/6/2015,bottled water
2186,7/1/2015,other vegetables
3816,10/24/2014,"rolls,buns"
1656,8/13/2015,whole milk
3195,6/14/2015,"rolls,buns"
1995,6/14/2014,other vegetables
1635,12/20/2014,whole milk
4211,5/29/2014,"whipped,sour cream"
3499,6/13/2014,whole milk
4757,1/9/2015,canned beer
2122,4/7/2015,tropical fruit
3832,6/26/2014,"rolls,buns"
1323,11/3/2015,whole milk
3524,11/30/2014,newspapers
2570,3/19/2015,other vegetables
1569,1/19/2014,pastry
2001,3/3/2015,citrus fruit
2637,6/18/2014,whole milk
4736,7/21/2015,other vegetables
4760,4/2/2015,"rolls,buns"
1260,10/4/2014,pip fruit
1536,5/2/2015,"rolls,buns"
3122,2/5/2015,sausage
3645,12/12/2015,citrus fruit
4842,6/30/2014,other vegetables
2556,3/6/2014,other vegetables
3614,4/28/2015,tropical fruit
3402,8/16/2015,whole milk
4236,11/25/2015,pip fruit
2675,9/15/2015,canned beer
2600,5/12/2015,pip fruit
4699,8/1/2015,whole milk
1990,3/7/2014,"rolls,buns"
1720,12/5/2015,whole milk
2160,1/15/2014,"rolls,buns"
4202,7/12/2014,citrus fruit
2525,1/14/2015,whole milk
3657,11/28/2014,whole milk
2933,4/6/2015,tropical fruit
2591,12/10/2014,root vegetables
2369,10/17/2015,"whipped,sour cream"
2517,12/12/2015,tropical fruit
4482,8/7/2015,shopping bags
1797,7/26/2014,bottled beer
1028,7/11/2015,root vegetables
4877,11/6/2015,other vegetables
4877,2/28/2015,bottled water
1990,8/1/2015,tropical fruit
1177,10/14/2015,"rolls,buns"
2041,2/9/2014,"rolls,buns"
2610,2/26/2015,shopping bags
2680,3/16/2014,other vegetables
2306,3/17/2014,shopping bags
3132,9/14/2014,pastry
4837,12/4/2014,bottled water
2687,8/9/2014,shopping bags
4475,7/19/2014,whole milk
3606,11/11/2014,"whipped,sour cream"
2406,9/4/2015,other vegetables
3911,7/30/2015,sausage
2942,2/1/2015,sausage
2760,6/20/2014,bottled beer
4781,1/25/2015,sausage
4957,8/2/2014,whole milk
1968,8/21/2015,"rolls,buns"
4189,4/7/2015,"rolls,buns"
1741,12/20/2015,sausage
3181,7/17/2014,pip fruit
3783,6/4/2014,bottled water
3528,5/19/2015,sausage
4289,10/8/2015,other vegetables
3082,5/22/2015,whole milk
2843,4/14/2014,"rolls,buns"
4969,10/27/2014,sausage
1678,8/23/2015,bottled water
2715,3/15/2015,sausage
1465,6/26/2015,shopping bags
2306,5/7/2014,bottled water
3014,7/15/2015,"whipped,sour cream"
2667,6/16/2015,shopping bags
3104,2/6/2014,bottled beer
4388,3/20/2015,sausage
1215,1/18/2015,other vegetables
3586,10/27/2014,"rolls,buns"
1868,2/25/2014,other vegetables
4440,7/10/2014,"whipped,sour cream"
2996,5/19/2015,newspapers
4512,5/28/2014,pip fruit
3960,5/14/2014,"whipped,sour cream"
3881,4/20/2014,other vegetables
2070,12/19/2015,bottled water
1197,5/12/2014,"whipped,sour cream"
2545,4/13/2014,whole milk
1118,11/7/2014,canned beer
1820,3/21/2015,pastry
4314,4/29/2015,bottled beer
2530,8/30/2015,other vegetables
3955,8/28/2015,whole milk
3643,3/6/2014,bottled beer
1237,3/8/2015,"rolls,buns"
3761,2/12/2014,tropical fruit
1595,6/27/2014,newspapers
3031,8/30/2015,other vegetables
4907,2/1/2014,"rolls,buns"
1020,8/12/2014,shopping bags
3518,5/18/2015,pastry
4120,12/11/2015,whole milk
4952,8/26/2015,whole milk
4204,10/16/2015,"rolls,buns"
2645,12/23/2014,pastry
1004,6/10/2014,"rolls,buns"
1686,5/15/2014,canned beer
4453,11/7/2014,whole milk
2617,8/12/2014,root vegetables
2583,3/26/2015,pip fruit
1447,6/5/2014,tropical fruit
1769,12/30/2015,"rolls,buns"
2330,10/8/2014,whole milk
2185,9/4/2014,other vegetables
3967,2/20/2014,"whipped,sour cream"
4667,1/12/2015,other vegetables
4321,9/12/2015,sausage
4525,7/21/2014,citrus fruit
1536,7/30/2014,root vegetables
2643,4/21/2015,whole milk
3515,4/21/2015,root vegetables
4405,7/22/2015,pastry
2584,3/31/2015,"rolls,buns"
2867,11/12/2015,whole milk
2427,1/8/2015,other vegetables
4937,6/28/2015,other vegetables
4564,1/29/2014,"whipped,sour cream"
1798,5/29/2014,bottled water
3583,2/9/2014,root vegetables
2601,3/26/2015,root vegetables
2356,1/31/2015,"rolls,buns"
1330,7/10/2015,newspapers
4077,8/4/2015,other vegetables
4786,5/4/2014,pastry
3882,4/23/2015,whole milk
2595,8/18/2014,tropical fruit
4308,1/24/2015,whole milk
3535,9/1/2015,pip fruit
3403,2/26/2014,canned beer
4155,3/15/2014,other vegetables
2079,2/25/2014,other vegetables
3980,9/16/2015,pastry
1905,5/19/2015,other vegetables
1365,11/2/2015,bottled beer
3455,2/1/2015,other vegetables
3548,3/19/2015,whole milk
3406,5/17/2015,sausage
2568,5/19/2015,other vegetables
3547,10/7/2015,whole milk
1997,10/26/2015,citrus fruit
3308,4/9/2014,pastry
4813,11/20/2014,bottled water
1482,7/6/2015,shopping bags
4233,6/16/2015,whole milk
3348,12/5/2015,sausage
4353,9/26/2014,newspapers
2758,10/24/2014,other vegetables
4222,5/20/2014,sausage
3225,7/15/2014,"whipped,sour cream"
2908,3/15/2015,canned beer
4061,5/3/2014,whole milk
1585,4/20/2014,whole milk
3083,6/9/2014,tropical fruit
3359,6/7/2014,shopping bags
4951,1/9/2015,other vegetables
4426,5/18/2015,tropical fruit
3559,11/12/2014,pastry
2774,3/26/2014,shopping bags
1116,11/29/2015,"rolls,buns"
4102,7/15/2015,whole milk
1599,5/29/2015,tropical fruit
4072,8/14/2015,canned beer
2022,2/5/2015,"rolls,buns"
2309,3/23/2015,citrus fruit
4169,11/24/2015,whole milk
4911,1/7/2015,"rolls,buns"
3042,4/4/2014,other vegetables
4295,10/26/2015,whole milk
1085,8/15/2015,root vegetables
2557,10/19/2014,sausage
1053,12/10/2014,other vegetables
4067,1/13/2014,whole milk
4098,9/12/2014,whole milk
4525,10/7/2015,other vegetables
4251,10/3/2015,shopping bags
1947,2/27/2014,other vegetables
4348,4/11/2015,tropical fruit
2238,1/5/2014,pastry
2492,11/1/2015,other vegetables
4606,3/13/2015,canned beer
3247,9/27/2014,whole milk
1746,8/8/2015,bottled water
2394,6/18/2014,"whipped,sour cream"
1298,7/27/2015,bottled beer
2429,6/29/2015,pip fruit
2217,4/24/2014,"whipped,sour cream"
1629,7/22/2014,whole milk
4312,4/22/2015,tropical fruit
3719,10/26/2014,whole milk
4866,8/21/2015,canned beer
3841,7/29/2014,newspapers
3677,4/30/2015,citrus fruit
4598,9/5/2014,citrus fruit
2939,10/22/2014,bottled water
3998,12/14/2015,"whipped,sour cream"
3176,6/9/2014,whole milk
1939,3/28/2014,shopping bags
3752,4/15/2015,pip fruit
3527,11/3/2014,canned beer
4832,12/3/2015,whole milk
2238,12/6/2015,sausage
1242,5/18/2015,sausage
1572,3/31/2014,bottled beer
1991,7/14/2014,sausage
3794,1/4/2015,other vegetables
4991,8/28/2014,whole milk
2156,8/7/2015,bottled water
4696,9/8/2014,"rolls,buns"
4391,6/4/2014,citrus fruit
1184,6/16/2015,root vegetables
3350,5/23/2014,"rolls,buns"
3973,6/28/2014,other vegetables
2607,11/20/2014,"whipped,sour cream"
2075,5/6/2014,sausage
1380,5/13/2015,pip fruit
3111,1/31/2015,pip fruit
4524,4/26/2015,pastry
1641,8/17/2014,other vegetables
1275,11/6/2014,"rolls,buns"
2457,7/9/2014,other vegetables
2043,4/21/2015,tropical fruit
3074,4/13/2015,whole milk
4049,8/1/2015,tropical fruit
2086,3/9/2015,bottled beer
4890,11/30/2014,whole milk
2298,10/2/2014,root vegetables
4148,4/9/2015,newspapers
1948,1/4/2014,other vegetables
3090,10/2/2014,whole milk
3954,2/10/2015,canned beer
3527,9/29/2015,pip fruit
1465,12/8/2014,shopping bags
4671,7/16/2014,whole milk
3986,5/26/2015,citrus fruit
1870,6/10/2014,"rolls,buns"
2042,12/19/2014,newspapers
2159,10/8/2014,tropical fruit
1098,8/5/2015,canned beer
3935,4/12/2014,tropical fruit
4924,8/26/2015,whole milk
1466,12/1/2015,other vegetables
2560,4/19/2014,root vegetables
1136,10/29/2015,other vegetables
3750,9/30/2014,pip fruit
3612,9/27/2015,other vegetables
4906,9/16/2015,shopping bags
3193,10/25/2014,whole milk
2778,4/26/2014,pip fruit
4204,10/16/2015,whole milk
2003,11/23/2015,sausage
3849,12/15/2014,root vegetables
1452,5/9/2015,"rolls,buns"
2878,11/4/2014,pastry
4041,9/7/2015,"rolls,buns"
2315,5/2/2015,other vegetables
1697,5/21/2015,"rolls,buns"
1804,1/26/2015,whole milk
1494,3/26/2015,sausage
4131,10/8/2014,other vegetables
2581,5/26/2014,bottled water
2690,5/1/2015,root vegetables
3225,12/12/2015,other vegetables
4045,2/11/2014,pastry
1610,12/23/2014,bottled beer
2374,6/8/2015,tropical fruit
1153,3/28/2014,"rolls,buns"
3258,5/20/2015,bottled water
4147,9/16/2015,canned beer
2499,2/18/2015,root vegetables
4109,6/3/2014,whole milk
1709,4/22/2015,root vegetables
4013,7/21/2014,tropical fruit
2047,12/20/2015,bottled water
1400,10/11/2014,"rolls,buns"
2156,5/8/2014,"rolls,buns"
1608,8/6/2015,whole milk
2453,2/5/2014,"rolls,buns"
3313,4/8/2015,tropical fruit
3739,8/6/2015,whole milk
1530,9/5/2014,pastry
2007,11/23/2015,whole milk
4819,9/20/2015,sausage
4650,10/7/2014,whole milk
3419,8/20/2015,root vegetables
4129,9/22/2015,whole milk
2372,9/3/2015,other vegetables
4531,8/10/2015,pastry
2827,10/31/2015,bottled beer
2631,2/20/2014,root vegetables
2358,6/26/2014,shopping bags
1465,6/27/2014,whole milk
2536,2/9/2014,whole milk
4692,8/29/2014,root vegetables
4066,12/2/2014,whole milk
2614,6/25/2015,"rolls,buns"
1746,2/15/2015,pip fruit
1115,7/31/2014,root vegetables
4351,1/16/2015,whole milk
3050,4/7/2015,whole milk
4750,8/4/2015,"whipped,sour cream"
4251,11/14/2014,whole milk
3215,2/26/2014,bottled water
3579,6/2/2015,"rolls,buns"
2226,2/17/2015,other vegetables
3360,4/12/2014,"rolls,buns"
2760,8/2/2015,other vegetables
1443,3/4/2015,root vegetables
1878,1/10/2015,sausage
1197,11/22/2015,"whipped,sour cream"
4939,10/14/2015,other vegetables
1656,2/14/2015,"rolls,buns"
1509,5/28/2014,citrus fruit
1856,1/29/2014,"rolls,buns"
4102,11/3/2015,newspapers
1359,5/29/2014,tropical fruit
4939,6/29/2015,canned beer
3688,2/9/2014,"whipped,sour cream"
2690,10/17/2015,canned beer
4321,9/12/2015,newspapers
3703,1/24/2015,whole milk
1328,3/24/2015,shopping bags
3801,8/17/2015,tropical fruit
4386,9/8/2015,pip fruit
1050,5/4/2015,whole milk
2718,2/7/2014,root vegetables
2955,6/7/2014,newspapers
3304,11/30/2015,root vegetables
2600,12/16/2015,other vegetables
3370,11/24/2014,root vegetables
1353,2/9/2015,bottled water
4509,7/23/2015,bottled water
2108,8/11/2015,tropical fruit
1716,8/11/2014,bottled water
3048,5/23/2014,pastry
2726,11/30/2014,canned beer
3511,8/26/2015,bottled water
4508,10/7/2015,root vegetables
2694,11/21/2015,tropical fruit
3689,7/29/2015,whole milk
4713,6/27/2014,bottled water
1183,6/29/2015,root vegetables
4461,5/13/2014,newspapers
4261,2/8/2014,bottled beer
2381,4/27/2014,pip fruit
1118,12/25/2015,pastry
2960,8/31/2015,"rolls,buns"
3495,11/18/2015,"rolls,buns"
1969,2/11/2015,citrus fruit
1491,10/17/2015,root vegetables
3683,10/5/2014,newspapers
2068,6/7/2015,whole milk
1369,2/8/2014,other vegetables
3843,9/6/2014,root vegetables
4563,6/27/2015,other vegetables
4433,10/31/2014,bottled water
4606,3/30/2015,bottled beer
3140,2/11/2015,citrus fruit
3549,11/9/2014,newspapers
4187,4/16/2014,canned beer
2017,11/12/2014,tropical fruit
4470,6/13/2014,tropical fruit
4537,12/20/2015,other vegetables
4932,11/20/2015,tropical fruit
2295,6/13/2014,"rolls,buns"
1569,3/9/2014,other vegetables
4125,6/14/2015,other vegetables
2165,9/27/2014,bottled beer
1912,8/22/2015,bottled water
4298,7/25/2015,root vegetables
2271,8/4/2015,"rolls,buns"
4646,1/16/2014,whole milk
2617,6/19/2014,"rolls,buns"
3613,10/5/2015,other vegetables
1494,2/13/2014,bottled water
4827,11/27/2015,canned beer
1454,1/28/2014,"rolls,buns"
2171,6/19/2015,pip fruit
2334,2/3/2014,"rolls,buns"
3811,4/14/2015,whole milk
1287,8/28/2015,citrus fruit
1632,5/29/2014,newspapers
2851,1/1/2015,whole milk
1954,8/6/2015,whole milk
1949,4/11/2015,"rolls,buns"
1295,1/28/2015,bottled water
4452,11/23/2015,other vegetables
2045,7/9/2014,whole milk
2669,3/24/2014,"rolls,buns"
4799,2/9/2015,canned beer
2956,12/2/2015,"rolls,buns"
3917,2/14/2014,"whipped,sour cream"
2151,4/11/2014,tropical fruit
2794,9/29/2015,sausage
4510,4/5/2015,tropical fruit
2240,5/18/2015,citrus fruit
4240,6/28/2015,shopping bags
2802,9/14/2014,whole milk
2391,6/27/2015,sausage
4272,6/23/2014,other vegetables
3104,5/13/2015,whole milk
2625,11/18/2015,other vegetables
2791,11/21/2014,other vegetables
2789,2/6/2015,"whipped,sour cream"
3221,6/29/2015,pastry
3690,4/24/2015,"rolls,buns"
2818,11/7/2015,root vegetables
4360,12/14/2014,citrus fruit
3161,11/22/2014,sausage
3697,10/3/2015,root vegetables
3276,6/30/2015,canned beer
4193,12/29/2014,pastry
3119,2/5/2015,sausage
2505,10/10/2015,"whipped,sour cream"
4694,6/1/2014,"whipped,sour cream"
3095,10/13/2015,bottled beer
4812,6/9/2014,other vegetables
3014,11/11/2015,bottled water
4864,7/22/2015,"rolls,buns"
1482,9/24/2014,shopping bags
2253,6/16/2015,bottled water
1820,1/23/2014,root vegetables
2087,2/22/2015,citrus fruit
3137,2/27/2014,"whipped,sour cream"
4598,11/18/2015,whole milk
2565,4/29/2015,pip fruit
1056,9/13/2015,pip fruit
2098,8/2/2014,canned beer
2146,6/20/2015,newspapers
4552,10/17/2015,root vegetables
4439,1/1/2015,tropical fruit
4439,3/18/2015,whole milk
4934,3/17/2015,other vegetables
3180,3/15/2015,whole milk
1035,5/23/2015,sausage
4338,6/24/2015,other vegetables
3313,3/1/2014,bottled beer
1408,7/23/2015,whole milk
3851,5/6/2014,other vegetables
2044,11/26/2014,pastry
2470,5/14/2015,canned beer
3666,2/16/2015,whole milk
4695,10/13/2015,whole milk
2430,1/28/2014,pastry
3679,9/21/2015,newspapers
4554,7/20/2014,whole milk
4065,5/11/2015,other vegetables
3393,6/25/2014,shopping bags
4324,1/5/2015,whole milk
4536,2/24/2015,citrus fruit
3272,4/18/2014,canned beer
3089,10/17/2015,citrus fruit
2370,8/28/2015,tropical fruit
4847,5/23/2014,shopping bags
3762,8/20/2015,"rolls,buns"
2802,12/15/2014,whole milk
1737,1/23/2015,"rolls,buns"
1822,6/5/2014,citrus fruit
1061,9/5/2015,whole milk
1983,7/21/2014,whole milk
1703,2/21/2015,"whipped,sour cream"
4003,12/21/2014,shopping bags
2955,6/6/2015,tropical fruit
3399,7/19/2015,tropical fruit
1465,6/26/2015,other vegetables
4210,3/17/2014,tropical fruit
3021,11/15/2014,bottled water
3906,10/30/2014,citrus fruit
4769,9/20/2015,sausage
1008,7/21/2015,root vegetables
2830,9/21/2014,bottled beer
4303,11/28/2014,root vegetables
1911,6/2/2015,root vegetables
3847,7/31/2014,canned beer
3098,9/4/2015,bottled water
3611,2/13/2015,sausage
3713,1/31/2015,citrus fruit
3289,3/15/2015,"rolls,buns"
3507,7/20/2014,newspapers
1748,7/27/2014,"whipped,sour cream"
1882,8/23/2014,other vegetables
3107,1/2/2014,"rolls,buns"
1370,6/28/2015,whole milk
3240,1/1/2015,whole milk
4813,5/15/2014,"rolls,buns"
1329,1/29/2014,"whipped,sour cream"
4690,12/17/2014,"rolls,buns"
1468,8/21/2014,root vegetables
3264,4/5/2015,whole milk
4140,1/2/2014,newspapers
1289,11/8/2015,other vegetables
3347,1/24/2015,other vegetables
2173,12/15/2014,pastry
4495,4/8/2015,other vegetables
2230,5/28/2015,sausage
1579,6/15/2014,canned beer
3082,4/10/2015,root vegetables
4569,7/27/2015,root vegetables
3044,9/29/2015,root vegetables
3115,7/9/2014,bottled water
4794,11/11/2014,bottled beer
2152,11/23/2014,whole milk
4719,2/12/2014,whole milk
1655,11/20/2015,sausage
3163,12/29/2014,"rolls,buns"
1845,8/7/2015,other vegetables
3549,3/24/2014,whole milk
4127,3/18/2014,whole milk
1478,4/7/2014,"whipped,sour cream"
4895,7/21/2015,whole milk
1102,6/27/2015,other vegetables
1656,7/7/2015,tropical fruit
1061,9/5/2015,root vegetables
4377,2/23/2015,pip fruit
4408,7/2/2014,shopping bags
1593,8/8/2015,sausage
2718,6/12/2015,canned beer
3082,2/20/2015,whole milk
3708,7/17/2014,whole milk
4938,11/24/2015,tropical fruit
4487,1/22/2015,bottled beer
3323,3/6/2014,"rolls,buns"
1176,3/30/2015,tropical fruit
1259,4/20/2014,whole milk
3934,5/1/2015,shopping bags
4303,10/24/2014,whole milk
3794,1/4/2015,citrus fruit
2560,11/26/2015,sausage
1946,11/8/2014,"whipped,sour cream"
3416,2/7/2015,canned beer
4063,11/12/2015,sausage
4716,3/1/2015,sausage
3284,1/23/2015,newspapers
4520,3/23/2014,bottled water
4615,10/29/2014,whole milk
2015,8/4/2014,tropical fruit
4688,5/8/2015,"rolls,buns"
2804,1/18/2015,canned beer
1396,7/22/2015,canned beer
2426,9/26/2014,"whipped,sour cream"
1553,7/23/2014,other vegetables
3077,5/29/2015,canned beer
2578,1/25/2015,bottled water
3914,11/28/2014,shopping bags
2062,8/22/2014,whole milk
4677,10/15/2015,"rolls,buns"
4222,12/27/2015,"whipped,sour cream"
2183,12/29/2014,"whipped,sour cream"
3612,6/13/2015,canned beer
3649,9/23/2014,pip fruit
2875,11/1/2015,whole milk
3966,4/7/2014,"whipped,sour cream"
2440,6/19/2015,bottled beer
2755,1/2/2014,whole milk
1383,2/23/2015,tropical fruit
4372,7/30/2015,other vegetables
1042,10/16/2015,whole milk
2702,5/27/2015,"whipped,sour cream"
1094,8/26/2014,other vegetables
2207,2/8/2014,pastry
3593,4/6/2014,bottled water
4113,7/19/2015,tropical fruit
3583,9/23/2015,sausage
1767,12/18/2014,bottled water
3785,7/12/2014,other vegetables
1939,7/2/2015,tropical fruit
1101,12/28/2014,"rolls,buns"
3441,4/20/2014,"rolls,buns"
3071,1/21/2015,"rolls,buns"
1935,8/28/2014,whole milk
2073,5/14/2015,tropical fruit
4895,6/1/2015,tropical fruit
2625,4/8/2015,sausage
2244,3/29/2015,other vegetables
4172,2/18/2015,pastry
3540,10/27/2014,bottled water
3659,11/12/2014,canned beer
4369,8/25/2015,whole milk
4212,5/1/2015,other vegetables
3495,11/18/2015,whole milk
2421,5/6/2014,other vegetables
1457,12/2/2014,whole milk
2294,7/26/2015,bottled beer
2402,9/6/2015,bottled water
1651,5/6/2015,other vegetables
4917,5/30/2014,"rolls,buns"
1230,4/6/2015,whole milk
3645,12/12/2015,citrus fruit
1132,11/22/2014,bottled beer
4598,11/18/2015,whole milk
4266,2/19/2014,bottled beer
4655,3/31/2015,whole milk
3529,2/26/2014,bottled water
4053,3/22/2015,whole milk
1582,6/10/2014,shopping bags
4117,12/10/2015,tropical fruit
2691,10/9/2015,tropical fruit
2800,2/2/2015,other vegetables
3054,2/23/2015,sausage
2294,7/4/2014,pip fruit
2578,11/26/2015,canned beer
3864,3/26/2014,bottled water
4466,7/14/2014,whole milk
2883,10/12/2015,newspapers
3808,2/19/2014,other vegetables
3551,5/1/2015,tropical fruit
4125,6/3/2014,"rolls,buns"
4331,9/10/2015,sausage
1077,12/30/2014,"rolls,buns"
4903,12/8/2015,"rolls,buns"
3766,2/20/2014,"rolls,buns"
4805,10/13/2015,other vegetables
4214,10/3/2014,sausage
1679,8/19/2014,"whipped,sour cream"
2599,11/22/2015,other vegetables
4548,1/2/2014,other vegetables
1418,12/2/2014,pastry
3272,4/18/2014,"whipped,sour cream"
1525,10/25/2014,bottled water
3815,1/30/2014,whole milk
4124,5/22/2015,whole milk
2757,12/16/2015,citrus fruit
2439,10/31/2015,bottled water
1290,4/24/2015,whole milk
4969,9/9/2014,shopping bags
3334,1/9/2014,root vegetables
4319,5/29/2014,tropical fruit
2476,7/30/2015,canned beer
1077,8/30/2014,"rolls,buns"
2540,3/5/2015,"rolls,buns"
4828,5/14/2015,whole milk
3722,8/1/2014,whole milk
2148,7/19/2015,newspapers
1929,7/10/2015,other vegetables
2604,1/26/2015,citrus fruit
4860,6/25/2014,citrus fruit
3645,12/5/2015,"rolls,buns"
3526,7/10/2014,whole milk
4779,2/24/2014,root vegetables
2047,5/8/2015,canned beer
1861,5/19/2015,pip fruit
3299,2/28/2015,bottled water
2031,2/26/2015,sausage
4233,6/23/2014,root vegetables
2231,12/3/2015,"whipped,sour cream"
3390,12/2/2014,whole milk
2093,6/12/2015,whole milk
3878,7/28/2015,tropical fruit
2986,11/5/2014,bottled water
4012,5/16/2015,whole milk
3277,10/31/2014,other vegetables
3065,3/14/2014,whole milk
3508,3/10/2014,root vegetables
3585,7/21/2015,citrus fruit
2091,7/30/2015,citrus fruit
4368,10/12/2015,sausage
4028,10/10/2014,other vegetables
1040,11/26/2015,tropical fruit
4515,4/24/2014,other vegetables
4794,9/6/2015,sausage
2709,8/20/2015,other vegetables
4430,12/2/2015,tropical fruit
1832,8/21/2014,whole milk
2521,12/14/2015,root vegetables
1878,6/9/2014,"rolls,buns"
3972,5/4/2014,"rolls,buns"
3066,9/20/2014,other vegetables
4166,12/7/2014,other vegetables
2787,6/24/2015,"rolls,buns"
2406,9/4/2015,whole milk
3543,2/25/2015,pastry
2917,5/27/2014,"rolls,buns"
4059,5/7/2015,"whipped,sour cream"
2741,2/17/2015,other vegetables
1484,2/24/2015,whole milk
1827,7/1/2015,whole milk
3972,6/8/2015,bottled water
2102,5/10/2015,"rolls,buns"
4265,5/6/2014,other vegetables
3638,6/6/2015,citrus fruit
4165,11/11/2014,other vegetables
4745,12/24/2015,shopping bags
4104,7/27/2015,whole milk
2617,5/22/2015,whole milk
4681,1/13/2014,bottled water
2824,9/17/2014,whole milk
1564,11/15/2014,pip fruit
3155,9/22/2014,citrus fruit
2912,11/8/2014,newspapers
2294,7/26/2015,citrus fruit
3835,1/6/2015,tropical fruit
1486,12/14/2015,other vegetables
4388,3/20/2015,newspapers
4761,11/24/2014,pip fruit
2685,12/6/2014,"rolls,buns"
4535,8/31/2014,whole milk
1959,5/2/2014,root vegetables
2910,3/28/2014,other vegetables
4334,10/12/2015,citrus fruit
2433,8/23/2015,"rolls,buns"
1416,6/20/2015,other vegetables
3989,10/18/2014,"rolls,buns"
1710,3/8/2014,"rolls,buns"
2653,4/21/2014,pastry
2548,11/11/2015,whole milk
4319,3/10/2014,shopping bags
1916,5/21/2014,citrus fruit
2140,10/6/2014,bottled beer
1208,8/21/2015,"rolls,buns"
4162,12/22/2015,pip fruit
1844,4/27/2014,pastry
2856,8/21/2015,other vegetables
4979,11/18/2014,whole milk
1633,8/9/2015,pastry
3111,1/31/2015,"rolls,buns"
4842,5/23/2014,sausage
3072,2/28/2015,bottled water
4063,7/14/2015,sausage
4806,10/27/2015,sausage
1968,1/10/2015,tropical fruit
3509,4/11/2015,citrus fruit
3247,1/13/2015,root vegetables
2288,5/31/2015,shopping bags
1380,4/22/2014,"rolls,buns"
2128,2/11/2015,whole milk
2563,6/3/2015,whole milk
2473,11/9/2014,whole milk
4708,4/14/2015,other vegetables
3973,9/2/2015,canned beer
2187,8/16/2015,whole milk
4376,12/7/2014,"rolls,buns"
2974,5/24/2014,tropical fruit
4321,1/29/2015,tropical fruit
2363,5/22/2015,pastry
1740,2/21/2014,root vegetables
1406,3/23/2015,sausage
4743,1/24/2015,bottled beer
4862,6/8/2014,tropical fruit
3831,10/14/2015,bottled beer
2885,11/19/2015,bottled water
4705,5/22/2015,canned beer
1662,1/27/2014,"rolls,buns"
3339,10/8/2015,canned beer
3031,12/18/2015,"whipped,sour cream"
4937,2/14/2015,bottled water
2971,3/4/2014,shopping bags
2205,10/28/2014,tropical fruit
1303,5/29/2015,whole milk
3955,11/23/2015,root vegetables
3884,4/7/2015,citrus fruit
3519,12/13/2015,"rolls,buns"
4728,6/11/2014,pastry
4938,12/10/2015,whole milk
3782,1/15/2014,pip fruit
1001,2/7/2014,whole milk
1947,7/16/2014,bottled beer
1339,11/28/2015,whole milk
1591,1/15/2014,bottled beer
1004,7/1/2014,canned beer
2036,2/2/2014,whole milk
3758,1/13/2015,whole milk
2229,3/19/2015,"whipped,sour cream"
2251,2/6/2014,other vegetables
1509,12/30/2015,other vegetables
4848,10/14/2015,canned beer
2211,3/31/2015,canned beer
3611,2/13/2015,pastry
3220,12/13/2014,other vegetables
3928,8/7/2014,citrus fruit
1279,4/28/2014,pastry
1826,12/19/2014,sausage
1056,9/24/2014,whole milk
4464,3/4/2015,pastry
2608,9/19/2015,"rolls,buns"
1850,1/11/2015,tropical fruit
3571,10/31/2014,other vegetables
3942,4/4/2015,whole milk
2359,4/21/2015,pastry
3735,7/13/2014,whole milk
3610,3/18/2014,other vegetables
3946,11/19/2015,root vegetables
3122,4/16/2014,other vegetables
4015,1/10/2015,whole milk
4291,7/29/2015,citrus fruit
1111,5/7/2014,"whipped,sour cream"
1611,4/4/2015,other vegetables
1935,7/17/2014,newspapers
4036,6/14/2014,"rolls,buns"
3656,3/2/2015,whole milk
3583,9/13/2014,citrus fruit
3201,11/27/2015,whole milk
3390,11/30/2014,newspapers
4249,3/1/2014,shopping bags
4726,3/1/2015,tropical fruit
2868,4/22/2014,other vegetables
2497,8/6/2014,whole milk
1032,9/23/2014,shopping bags
1248,5/9/2014,root vegetables
1070,4/10/2014,citrus fruit
4442,11/28/2015,whole milk
1823,4/16/2014,whole milk
3599,6/11/2015,other vegetables
2810,12/30/2015,pip fruit
1104,5/9/2014,root vegetables
3081,4/14/2014,tropical fruit
3520,1/2/2015,other vegetables
1803,10/25/2014,citrus fruit
2869,12/10/2015,newspapers
3013,4/19/2014,other vegetables
1479,4/24/2014,tropical fruit
4442,6/10/2015,other vegetables
3090,11/22/2014,"whipped,sour cream"
2835,5/10/2014,"rolls,buns"
2210,7/9/2015,whole milk
3176,5/25/2015,whole milk
4600,7/14/2015,whole milk
1874,6/15/2015,pastry
1275,7/16/2015,whole milk
2653,3/2/2015,"whipped,sour cream"
4926,11/20/2014,"rolls,buns"
1377,2/6/2015,whole milk
1406,3/23/2015,"whipped,sour cream"
3645,12/12/2015,bottled water
2890,4/26/2015,newspapers
4362,6/14/2014,"whipped,sour cream"
3178,12/8/2015,whole milk
2001,9/9/2015,other vegetables
3104,10/22/2014,"rolls,buns"
1307,6/22/2015,pastry
1406,12/28/2015,tropical fruit
2131,2/18/2014,citrus fruit
3877,9/17/2015,pip fruit
1443,10/9/2015,"rolls,buns"
3704,1/22/2015,root vegetables
3835,5/8/2014,pastry
4843,5/13/2015,whole milk
1331,4/29/2015,sausage
2618,9/14/2015,bottled beer
2955,6/5/2015,canned beer
2960,11/14/2014,other vegetables
1995,6/12/2015,root vegetables
3255,11/20/2014,tropical fruit
1190,11/25/2014,other vegetables
2095,9/29/2015,other vegetables
4397,8/28/2014,root vegetables
1929,7/10/2015,citrus fruit
2538,7/27/2015,bottled water
4443,11/10/2014,other vegetables
3326,4/30/2015,"rolls,buns"
4452,6/17/2015,pastry
3442,10/12/2015,pastry
4293,8/4/2015,sausage
2101,12/20/2015,canned beer
1612,11/19/2014,sausage
2007,11/23/2015,whole milk
1395,11/24/2014,sausage
1305,5/24/2015,other vegetables
4147,1/2/2015,bottled beer
4592,3/28/2014,other vegetables
3180,9/15/2015,tropical fruit
3180,7/3/2015,newspapers
4960,8/19/2015,bottled water
2097,3/14/2014,newspapers
3145,11/16/2015,other vegetables
4783,7/25/2014,other vegetables
2746,5/29/2015,bottled beer
2505,11/30/2015,whole milk
3078,9/1/2015,"rolls,buns"
2287,12/16/2015,tropical fruit
1191,8/8/2015,other vegetables
3667,12/13/2014,bottled water
4617,11/24/2014,whole milk
3749,4/29/2014,canned beer
2242,6/5/2015,"rolls,buns"
4411,4/17/2015,pip fruit
4589,12/8/2015,sausage
2932,1/22/2015,newspapers
3224,1/19/2015,bottled water
1092,7/27/2015,bottled beer
4990,3/15/2015,newspapers
1587,9/13/2014,shopping bags
2537,5/7/2015,other vegetables
3960,9/21/2015,whole milk
4166,11/6/2015,whole milk
4835,10/28/2015,pip fruit
2459,9/22/2015,whole milk
3783,6/22/2015,sausage
2331,11/28/2015,bottled beer
4353,7/12/2014,tropical fruit
4067,10/16/2015,pastry
2271,11/20/2015,root vegetables
4999,12/26/2015,bottled water
2566,1/31/2015,whole milk
2019,11/14/2015,other vegetables
4217,3/15/2014,other vegetables
1512,2/23/2015,shopping bags
3307,10/6/2015,citrus fruit
4650,5/28/2014,pastry
4737,9/19/2015,root vegetables
4431,5/10/2014,"rolls,buns"
3238,2/6/2014,canned beer
4335,10/12/2015,citrus fruit
1815,1/13/2015,sausage
3262,12/8/2015,bottled beer
2193,9/11/2014,pip fruit
2244,11/9/2014,whole milk
4019,5/18/2014,bottled water
1860,1/31/2014,sausage
4281,9/14/2015,newspapers
3128,6/13/2015,"rolls,buns"
4880,3/16/2014,whole milk
3244,7/28/2014,whole milk
1409,2/17/2015,whole milk
2775,11/6/2015,whole milk
2855,8/5/2015,whole milk
2663,3/30/2014,shopping bags
4019,7/24/2015,"rolls,buns"
2882,6/12/2015,other vegetables
3961,12/18/2014,tropical fruit
1140,6/26/2015,pip fruit
2148,1/13/2014,canned beer
3653,9/12/2015,"rolls,buns"
3180,7/3/2015,other vegetables
4809,9/28/2015,whole milk
3139,2/26/2015,pip fruit
2252,10/8/2015,whole milk
4637,4/7/2014,pastry
3252,8/22/2015,bottled water
4889,2/3/2015,"rolls,buns"
4680,8/22/2015,root vegetables
4228,4/18/2015,tropical fruit
1473,5/1/2014,"rolls,buns"
3465,7/30/2015,sausage
2553,12/26/2014,"rolls,buns"
1440,9/6/2015,shopping bags
3729,12/24/2014,other vegetables
1911,3/10/2014,pastry
4663,4/18/2014,whole milk
4666,11/26/2014,bottled water
1463,12/24/2015,sausage
4650,7/12/2014,shopping bags
3593,9/21/2014,citrus fruit
3878,7/24/2015,citrus fruit
2440,11/10/2014,pastry
3629,5/2/2014,other vegetables
3382,4/1/2014,pastry
4924,1/19/2014,pastry
1296,11/6/2015,pip fruit
3052,7/4/2015,"rolls,buns"
3203,8/7/2015,citrus fruit
2632,1/16/2015,"rolls,buns"
4883,1/10/2015,newspapers
2986,11/5/2014,newspapers
4720,6/20/2014,bottled water
2787,5/9/2015,"rolls,buns"
1929,11/10/2014,pastry
1778,11/27/2014,bottled water
1992,8/28/2015,pastry
4426,12/1/2014,pip fruit
1636,12/5/2015,other vegetables
3077,1/5/2015,shopping bags
3374,7/29/2014,bottled water
4947,11/24/2014,"rolls,buns"
2633,11/27/2015,other vegetables
2974,9/2/2014,pastry
4087,9/4/2014,other vegetables
4314,10/5/2014,sausage
4678,3/31/2015,pip fruit
1132,2/19/2015,shopping bags
4836,1/13/2014,"whipped,sour cream"
3090,11/4/2015,root vegetables
4951,10/27/2014,root vegetables
1118,5/13/2015,"rolls,buns"
2983,2/28/2014,tropical fruit
4493,3/16/2014,"whipped,sour cream"
1196,8/15/2014,newspapers
2193,11/26/2014,root vegetables
3844,8/14/2015,citrus fruit
4384,5/25/2015,citrus fruit
3036,7/13/2015,whole milk
2669,3/29/2015,pastry
2325,10/22/2014,"rolls,buns"
4993,2/9/2015,citrus fruit
1773,11/1/2015,whole milk
3484,5/15/2015,tropical fruit
3457,11/9/2014,whole milk
4342,3/18/2015,"rolls,buns"
1120,8/21/2014,tropical fruit
3107,4/23/2014,canned beer
4840,4/15/2014,canned beer
3800,2/8/2015,root vegetables
2751,10/13/2014,bottled water
1909,8/31/2015,sausage
3178,10/22/2015,bottled water
1743,11/13/2015,pastry
2492,11/1/2015,newspapers
4891,10/6/2015,"rolls,buns"
2374,6/23/2015,root vegetables
1432,3/12/2014,bottled beer
2654,4/7/2014,bottled beer
3982,7/25/2015,sausage
3535,1/18/2015,pastry
3417,12/15/2015,bottled water
3054,6/28/2015,pip fruit
2411,1/7/2014,other vegetables
4404,3/13/2014,other vegetables
1590,8/15/2015,whole milk
3918,8/10/2014,canned beer
3571,6/17/2015,"rolls,buns"
3478,4/2/2015,"rolls,buns"
4918,1/27/2015,"rolls,buns"
1859,11/5/2014,tropical fruit
4490,1/21/2014,whole milk
4847,2/3/2015,canned beer
2476,12/4/2015,whole milk
4874,2/21/2014,bottled water
1711,3/21/2015,bottled beer
4992,6/20/2015,whole milk
1322,1/9/2015,bottled beer
4670,8/31/2015,newspapers
2637,9/18/2014,whole milk
1572,7/3/2014,"rolls,buns"
2083,3/28/2015,whole milk
2767,1/27/2015,sausage
1466,4/19/2015,root vegetables
2900,11/23/2014,shopping bags
3764,10/5/2015,sausage
4669,4/13/2014,pastry
1163,12/14/2015,citrus fruit
2321,1/26/2015,other vegetables
1038,2/21/2015,sausage
3886,9/11/2015,citrus fruit
2400,3/22/2015,tropical fruit
4988,10/4/2015,other vegetables
1322,10/19/2015,"rolls,buns"
3852,8/31/2014,other vegetables
3561,12/27/2014,citrus fruit
3987,8/19/2015,other vegetables
3965,12/30/2014,tropical fruit
4396,3/20/2014,shopping bags
3262,7/8/2015,tropical fruit
4342,10/27/2014,"whipped,sour cream"
4730,9/26/2014,root vegetables
1792,7/6/2014,bottled water
4158,11/11/2015,root vegetables
2792,10/24/2015,canned beer
2532,7/6/2015,whole milk
2850,2/27/2014,"rolls,buns"
3697,10/4/2014,whole milk
4257,8/21/2015,pastry
1905,7/7/2015,tropical fruit
4220,8/10/2015,bottled water
3226,10/25/2014,"rolls,buns"
4617,11/3/2014,newspapers
3159,7/23/2014,whole milk
1322,12/11/2014,citrus fruit
1820,1/11/2014,citrus fruit
1333,9/22/2015,sausage
4043,1/21/2015,other vegetables
4414,10/15/2014,"whipped,sour cream"
2977,11/16/2015,pastry
1291,3/6/2015,"rolls,buns"
3002,8/13/2015,citrus fruit
4508,11/29/2014,tropical fruit
3148,10/25/2014,shopping bags
3996,11/27/2014,tropical fruit
3973,6/10/2015,"rolls,buns"
2624,8/18/2015,"whipped,sour cream"
2087,2/22/2015,other vegetables
2857,4/18/2015,whole milk
1841,5/10/2015,pip fruit
1098,8/5/2015,whole milk
1126,5/17/2015,newspapers
4752,3/4/2014,"whipped,sour cream"
4933,2/1/2014,bottled water
2432,11/15/2014,pip fruit
4486,7/21/2015,bottled beer
1125,5/30/2014,root vegetables
4466,9/3/2015,citrus fruit
4226,3/3/2014,other vegetables
1566,1/24/2014,citrus fruit
2298,8/16/2015,root vegetables
1819,11/11/2015,tropical fruit
2581,8/22/2015,citrus fruit
4656,5/24/2014,"rolls,buns"
2747,9/17/2014,bottled beer
3621,7/14/2015,other vegetables
2606,8/22/2014,citrus fruit
2842,7/29/2015,whole milk
1431,11/7/2015,bottled water
1764,9/29/2015,whole milk
4598,11/5/2014,root vegetables
3621,7/14/2015,"whipped,sour cream"
1946,3/8/2014,whole milk
4215,5/31/2015,"whipped,sour cream"
3841,2/1/2015,other vegetables
2138,12/12/2014,"rolls,buns"
4758,12/6/2014,root vegetables
2711,9/13/2015,"rolls,buns"
4761,9/8/2015,newspapers
1967,6/23/2015,whole milk
3905,10/6/2014,root vegetables
3139,4/21/2015,"whipped,sour cream"
1033,4/22/2015,"rolls,buns"
1375,10/11/2015,other vegetables
2989,9/10/2014,citrus fruit
4437,10/20/2015,canned beer
1732,3/9/2015,citrus fruit
3138,12/28/2014,"rolls,buns"
2294,9/23/2015,"rolls,buns"
4831,11/13/2015,tropical fruit
4489,3/4/2015,other vegetables
4657,4/3/2014,bottled water
3828,5/16/2014,bottled water
2270,2/4/2015,bottled water
3708,9/3/2015,other vegetables
1934,6/14/2014,root vegetables
3657,5/29/2014,"rolls,buns"
1567,3/13/2015,citrus fruit
3831,3/1/2014,"whipped,sour cream"
3743,8/13/2014,whole milk
3266,7/16/2014,bottled beer
1547,7/7/2014,whole milk
3410,5/31/2015,"rolls,buns"
1139,2/2/2014,canned beer
1604,2/3/2014,"rolls,buns"
4831,4/6/2015,whole milk
3872,11/3/2015,whole milk
4191,11/10/2014,other vegetables
3967,10/10/2014,root vegetables
2666,4/6/2015,whole milk
3098,9/4/2015,sausage
3086,7/11/2014,whole milk
3264,2/27/2014,"whipped,sour cream"
1051,11/10/2015,tropical fruit
1668,7/25/2014,bottled water
4984,6/7/2014,pastry
2222,12/28/2015,sausage
2055,11/8/2015,other vegetables
2854,6/19/2014,"rolls,buns"
2666,4/11/2014,pastry
3148,3/9/2015,sausage
4692,10/27/2015,tropical fruit
1714,8/2/2015,"whipped,sour cream"
2583,2/15/2015,tropical fruit
1440,7/26/2014,"rolls,buns"
4637,8/28/2014,"rolls,buns"
4867,2/3/2015,whole milk
3562,8/13/2015,sausage
4685,8/27/2015,tropical fruit
3069,4/9/2015,whole milk
2311,11/1/2015,sausage
3677,4/30/2015,tropical fruit
4623,12/18/2014,whole milk
2765,9/1/2014,"whipped,sour cream"
3824,2/12/2015,whole milk
2440,3/2/2015,root vegetables
4612,4/30/2015,sausage
3346,5/11/2015,tropical fruit
1274,5/16/2014,"rolls,buns"
1235,1/1/2015,bottled beer
3691,8/8/2015,bottled water
2136,2/10/2015,whole milk
2184,5/19/2014,whole milk
3752,2/8/2015,other vegetables
4761,3/1/2015,other vegetables
4708,3/20/2015,sausage
2662,12/5/2014,tropical fruit
1174,7/26/2014,citrus fruit
4196,11/6/2014,newspapers
4658,1/26/2014,canned beer
1702,1/12/2014,pip fruit
1204,6/23/2014,"rolls,buns"
2794,7/13/2014,whole milk
2461,1/24/2014,pastry
3985,10/23/2015,"whipped,sour cream"
2687,7/31/2015,sausage
3822,5/27/2015,citrus fruit
2454,8/26/2015,sausage
2684,1/11/2015,citrus fruit
1736,8/29/2015,"rolls,buns"
1510,4/17/2014,other vegetables
3055,8/18/2015,other vegetables
1429,10/19/2014,bottled beer
4324,1/5/2015,tropical fruit
1549,7/17/2014,bottled water
4107,11/15/2015,sausage
2011,1/20/2014,"whipped,sour cream"
4869,4/3/2015,newspapers
4635,5/8/2014,bottled water
3966,4/7/2014,shopping bags
3437,10/31/2014,bottled beer
3919,10/7/2015,root vegetables
1025,8/19/2015,canned beer
4460,5/28/2015,pastry
3474,11/26/2014,newspapers
3065,3/14/2014,whole milk
3166,5/3/2014,whole milk
4579,1/19/2014,whole milk
3683,10/5/2014,shopping bags
2542,1/1/2014,bottled water
2063,8/23/2015,sausage
1147,5/1/2014,whole milk
1067,7/20/2015,"rolls,buns"
4864,7/5/2015,sausage
2019,12/6/2014,tropical fruit
2209,10/3/2015,bottled beer
4114,3/27/2014,root vegetables
2855,8/5/2015,canned beer
2589,6/7/2014,whole milk
4877,8/27/2014,root vegetables
3563,12/12/2014,bottled beer
1849,10/6/2014,whole milk
3421,5/12/2015,citrus fruit
3251,11/9/2015,whole milk
3822,5/27/2015,whole milk
4937,9/6/2014,"whipped,sour cream"
1962,4/5/2015,"rolls,buns"
1038,4/2/2015,whole milk
2428,12/6/2014,"whipped,sour cream"
2941,9/26/2015,other vegetables
2940,5/21/2015,canned beer
1864,9/27/2015,whole milk
1922,11/7/2014,root vegetables
4081,10/20/2015,whole milk
1370,6/28/2015,whole milk
4486,7/21/2015,canned beer
1304,4/30/2015,"rolls,buns"
4103,6/19/2015,newspapers
2589,6/7/2014,bottled water
4147,1/2/2015,newspapers
3783,2/17/2015,canned beer
3960,3/25/2015,root vegetables
1887,11/9/2015,sausage
1477,11/20/2015,sausage
3221,1/13/2015,bottled beer
4877,11/6/2015,canned beer
2981,6/5/2014,canned beer
2219,5/30/2014,root vegetables
4932,3/21/2014,root vegetables
4384,10/22/2014,bottled water
4679,11/10/2015,bottled water
3871,7/31/2015,tropical fruit
4649,10/5/2014,"rolls,buns"
2442,2/24/2014,other vegetables
1177,10/14/2015,canned beer
3021,10/29/2014,other vegetables
1132,2/19/2015,other vegetables
3061,8/17/2015,sausage
4701,4/30/2015,pip fruit
4257,6/4/2014,other vegetables
3763,7/15/2014,tropical fruit
1381,3/6/2015,other vegetables
2294,5/10/2015,pip fruit
4685,1/20/2014,pip fruit
4622,5/30/2014,citrus fruit
1353,1/21/2015,tropical fruit
2061,4/5/2015,whole milk
3695,1/20/2014,pastry
4907,2/1/2014,"whipped,sour cream"
2668,12/1/2014,other vegetables
4840,6/5/2015,whole milk
3200,2/11/2015,other vegetables
2882,6/25/2015,sausage
1835,4/1/2015,root vegetables
2381,1/13/2015,sausage
1404,5/3/2015,sausage
3746,7/13/2015,whole milk
4115,3/20/2015,tropical fruit
1734,7/13/2015,bottled water
4085,9/29/2015,canned beer
3122,4/16/2014,bottled water
1014,1/4/2015,canned beer
2119,9/24/2015,"whipped,sour cream"
2097,10/1/2015,newspapers
4314,1/27/2014,whole milk
3447,9/3/2015,whole milk
4886,7/4/2014,pip fruit
3222,8/5/2015,shopping bags
2532,9/21/2014,bottled water
2434,6/6/2015,pastry
2421,11/22/2015,whole milk
2162,6/19/2015,tropical fruit
3107,2/27/2014,"rolls,buns"
4708,11/9/2014,pastry
3682,12/24/2014,other vegetables
4827,10/3/2015,"rolls,buns"
2380,2/12/2015,other vegetables
1174,2/11/2015,"rolls,buns"
4047,4/4/2014,shopping bags
2441,6/8/2014,"whipped,sour cream"
3668,10/24/2014,whole milk
3469,2/4/2014,other vegetables
2170,2/10/2015,bottled beer
2110,7/29/2015,tropical fruit
1387,5/31/2014,shopping bags
3724,11/26/2015,sausage
1383,2/23/2015,pip fruit
1885,3/11/2014,bottled water
2782,6/9/2015,"rolls,buns"
3160,2/27/2015,pip fruit
2709,8/20/2015,"rolls,buns"
1472,7/6/2015,whole milk
2294,5/10/2015,"rolls,buns"
2876,10/30/2015,pip fruit
2365,8/14/2014,"rolls,buns"
4039,1/19/2015,pip fruit
1064,9/3/2014,root vegetables
2079,7/19/2015,whole milk
3968,11/12/2015,newspapers
1855,7/16/2014,other vegetables
4262,8/17/2014,newspapers
2784,5/26/2014,whole milk
2935,1/3/2014,"rolls,buns"
4171,1/26/2015,newspapers
1037,2/24/2014,tropical fruit
3367,2/27/2014,sausage
2290,1/12/2015,whole milk
3426,5/2/2014,pip fruit
1908,3/28/2014,pip fruit
3202,9/29/2015,tropical fruit
1404,5/3/2015,tropical fruit
4953,10/23/2014,"rolls,buns"
2565,4/29/2015,root vegetables
1444,12/16/2015,"rolls,buns"
4832,8/28/2014,shopping bags
2440,7/8/2014,whole milk
1770,4/23/2014,other vegetables
4974,7/18/2014,"rolls,buns"
1723,7/21/2014,citrus fruit
4667,2/23/2015,sausage
2910,7/28/2015,root vegetables
2855,11/7/2014,"rolls,buns"
4670,10/11/2015,sausage
1621,6/21/2014,bottled beer
2678,3/20/2015,"rolls,buns"
4194,11/19/2014,pastry
3527,9/4/2014,shopping bags
2080,4/21/2015,tropical fruit
4776,8/8/2015,citrus fruit
4482,11/30/2015,"rolls,buns"
2657,5/21/2015,bottled beer
4764,8/28/2014,tropical fruit
1945,2/5/2015,other vegetables
4709,8/8/2014,other vegetables
2724,4/23/2014,"rolls,buns"
1959,3/23/2014,"rolls,buns"
3215,7/21/2015,canned beer
4484,11/27/2015,"rolls,buns"
3297,3/22/2014,whole milk
4992,6/20/2015,other vegetables
3077,5/15/2014,pastry
3459,1/23/2015,tropical fruit
3635,9/4/2015,tropical fruit
2751,2/8/2014,shopping bags
2899,11/9/2015,sausage
2339,5/20/2014,whole milk
4251,7/1/2014,"rolls,buns"
2888,9/5/2015,sausage
3038,4/13/2014,whole milk
1347,9/15/2015,pastry
1425,2/6/2014,citrus fruit
2359,4/9/2015,other vegetables
3025,4/21/2015,sausage
2304,7/1/2015,bottled water
2514,11/2/2015,"rolls,buns"
3547,10/21/2015,tropical fruit
4152,4/15/2015,whole milk
2901,8/9/2014,"whipped,sour cream"
2761,4/25/2015,"rolls,buns"
3898,8/21/2015,tropical fruit
1548,5/4/2014,other vegetables
3072,1/26/2015,citrus fruit
2984,4/22/2014,pastry
3046,11/18/2015,whole milk
3375,10/19/2014,bottled water
3989,9/23/2014,root vegetables
3799,11/10/2014,pip fruit
4159,12/28/2015,tropical fruit
3666,4/12/2014,canned beer
1895,7/22/2014,bottled water
1231,10/14/2015,sausage
2154,5/31/2014,bottled beer
2360,2/18/2015,"rolls,buns"
4593,8/4/2015,"rolls,buns"
2275,5/19/2015,shopping bags
1194,5/13/2015,pastry
1404,5/3/2015,bottled water
4983,7/14/2014,shopping bags
4376,7/16/2015,whole milk
4372,7/30/2015,other vegetables
2903,5/8/2014,other vegetables
2470,12/12/2014,bottled water
1031,10/15/2015,other vegetables
1010,7/31/2015,"rolls,buns"
3760,6/4/2015,sausage
4745,9/29/2015,"rolls,buns"
4952,4/8/2015,whole milk
4228,3/26/2015,pip fruit
3803,6/17/2014,"rolls,buns"
1438,1/19/2014,shopping bags
3830,10/12/2014,pastry
1013,3/26/2014,tropical fruit
4262,9/11/2015,whole milk
3133,4/1/2014,"whipped,sour cream"
4430,5/21/2014,citrus fruit
2011,3/22/2015,"rolls,buns"
4927,10/19/2015,whole milk
2540,3/5/2015,sausage
4110,3/30/2015,bottled water
2421,10/27/2015,sausage
4295,10/26/2015,bottled water
4006,6/14/2015,sausage
2851,4/11/2014,bottled beer
1333,9/22/2015,other vegetables
4194,2/7/2015,bottled water
4573,6/8/2014,whole milk
1299,6/3/2015,other vegetables
2980,1/17/2014,bottled beer
2393,3/22/2014,sausage
1946,11/14/2014,shopping bags
4369,10/27/2014,whole milk
2999,8/12/2014,whole milk
1017,5/16/2015,"rolls,buns"
3063,10/28/2015,whole milk
2446,7/29/2015,tropical fruit
4082,8/3/2014,pip fruit
2592,9/8/2014,shopping bags
2403,12/1/2015,"whipped,sour cream"
1234,5/12/2014,pastry
4258,6/13/2014,newspapers
2047,1/5/2014,tropical fruit
2300,4/28/2015,sausage
1595,1/26/2014,other vegetables
4793,11/24/2015,root vegetables
2470,12/12/2014,"rolls,buns"
3987,6/17/2015,pastry
2921,11/27/2014,other vegetables
2489,5/4/2015,whole milk
3124,4/9/2015,citrus fruit
4045,12/22/2015,whole milk
2184,9/19/2015,bottled beer
1796,11/15/2014,"rolls,buns"
4852,2/11/2014,citrus fruit
3262,7/8/2015,whole milk
4544,5/15/2014,bottled water
4409,5/6/2014,bottled water
2721,8/10/2015,root vegetables
1109,11/22/2014,pastry
4554,8/27/2015,whole milk
1098,1/19/2015,"rolls,buns"
3389,1/26/2015,whole milk
4134,6/14/2015,citrus fruit
1092,7/27/2015,sausage
1164,2/1/2015,other vegetables
1730,12/25/2015,sausage
3062,8/1/2015,"rolls,buns"
3974,6/19/2015,sausage
1483,6/14/2015,"rolls,buns"
1561,7/25/2015,whole milk
3034,5/7/2015,other vegetables
2002,10/20/2015,"rolls,buns"
3014,12/20/2014,tropical fruit
3649,9/23/2014,"rolls,buns"
1961,7/6/2014,citrus fruit
4137,9/14/2014,other vegetables
1569,3/9/2014,bottled beer
1169,5/29/2014,"whipped,sour cream"
2629,5/26/2014,whole milk
2511,3/16/2015,whole milk
3617,4/16/2014,pastry
4916,1/11/2014,whole milk
3942,5/6/2014,"rolls,buns"
3338,8/17/2015,whole milk
2042,11/17/2015,root vegetables
3790,7/31/2014,whole milk
4588,9/2/2014,other vegetables
1627,2/11/2015,canned beer
1587,7/1/2015,other vegetables
2957,4/12/2015,bottled beer
2787,3/5/2015,"rolls,buns"
1385,6/21/2015,"whipped,sour cream"
2490,3/27/2014,shopping bags
2138,2/18/2014,pip fruit
4679,11/10/2015,tropical fruit
3881,4/2/2015,other vegetables
3891,2/16/2015,newspapers
2874,9/9/2015,whole milk
3812,11/13/2015,whole milk
2916,12/6/2014,bottled beer
3903,2/6/2015,other vegetables
1066,6/12/2014,shopping bags
1837,6/18/2015,bottled beer
2976,9/20/2014,newspapers
1625,11/27/2015,"rolls,buns"
2407,3/10/2015,citrus fruit
1310,11/22/2014,newspapers
3888,12/13/2015,shopping bags
1889,6/20/2014,"rolls,buns"
3399,5/25/2014,"rolls,buns"
1422,10/4/2015,pip fruit
1496,4/26/2014,root vegetables
2394,5/20/2014,canned beer
1209,3/5/2014,shopping bags
2448,6/8/2015,tropical fruit
2273,11/13/2014,bottled water
4249,3/1/2014,canned beer
3046,8/22/2014,citrus fruit
3916,5/24/2014,canned beer
1079,9/9/2015,"rolls,buns"
1952,3/23/2015,canned beer
4336,10/10/2015,sausage
1281,2/11/2015,newspapers
2430,1/20/2015,root vegetables
2406,3/10/2015,pastry
3827,9/30/2015,sausage
1535,7/3/2015,pip fruit
2563,1/6/2015,other vegetables
3184,9/4/2015,whole milk
3912,1/6/2015,"rolls,buns"
1324,7/10/2015,citrus fruit
2652,12/26/2015,whole milk
2592,9/25/2015,bottled beer
1514,2/28/2015,"rolls,buns"
3034,12/26/2014,pastry
4991,12/22/2014,root vegetables
1296,11/23/2015,other vegetables
1410,1/6/2014,sausage
3255,11/5/2015,newspapers
4336,11/28/2014,root vegetables
4050,3/9/2014,whole milk
2234,7/29/2015,"whipped,sour cream"
2269,5/26/2014,bottled water
4231,2/4/2014,tropical fruit
2440,7/8/2014,whole milk
1066,2/1/2014,root vegetables
1242,12/14/2015,tropical fruit
2072,7/29/2014,root vegetables
1994,3/11/2015,whole milk
1407,6/26/2015,citrus fruit
2205,3/7/2015,pastry
2492,5/11/2015,other vegetables
3907,5/9/2014,other vegetables
2830,6/22/2015,"rolls,buns"
1204,5/18/2014,root vegetables
3036,7/13/2015,"whipped,sour cream"
3915,9/30/2015,pip fruit
3854,6/26/2014,whole milk
3684,8/13/2015,whole milk
1472,9/19/2015,root vegetables
4646,7/31/2015,other vegetables
2975,10/9/2015,canned beer
4036,8/3/2014,pastry
1471,8/21/2014,whole milk
2952,8/11/2015,citrus fruit
3557,2/2/2015,bottled water
2658,10/16/2015,canned beer
1716,8/16/2014,pip fruit
2232,5/6/2015,whole milk
1454,1/13/2015,"rolls,buns"
1800,4/16/2015,bottled water
3595,3/23/2015,bottled beer
2170,2/10/2015,citrus fruit
3500,4/21/2015,tropical fruit
1277,10/23/2015,other vegetables
3003,5/8/2014,newspapers
1761,8/9/2015,"rolls,buns"
2617,2/22/2014,other vegetables
1733,6/23/2015,pip fruit
3228,1/26/2015,sausage
3402,1/8/2014,newspapers
2676,8/15/2015,"whipped,sour cream"
3122,9/30/2014,other vegetables
2888,9/5/2015,other vegetables
2645,6/27/2015,"rolls,buns"
3925,3/25/2015,root vegetables
1805,6/9/2015,canned beer
3473,1/25/2015,whole milk
2907,11/2/2014,root vegetables
4779,6/15/2014,citrus fruit
1391,3/19/2015,"rolls,buns"
4574,11/27/2015,whole milk
4851,12/20/2015,tropical fruit
1004,12/2/2015,other vegetables
3595,8/6/2015,other vegetables
1757,12/23/2015,other vegetables
2318,1/16/2015,citrus fruit
3398,1/18/2015,"rolls,buns"
3743,7/3/2014,sausage
3308,4/12/2014,other vegetables
3793,8/7/2015,whole milk
3383,9/19/2014,bottled water
4315,4/26/2015,citrus fruit
3482,1/13/2014,root vegetables
2578,12/1/2015,root vegetables
3438,6/2/2014,citrus fruit
3241,8/9/2015,root vegetables
1946,1/25/2015,whole milk
1349,5/10/2015,canned beer
2373,8/22/2014,newspapers
2410,11/21/2015,bottled water
4258,4/22/2015,whole milk
3552,6/16/2015,"rolls,buns"
2296,6/12/2014,other vegetables
4065,7/7/2015,"rolls,buns"
3270,5/15/2015,bottled water
2601,3/26/2015,whole milk
4790,5/16/2015,other vegetables
1411,4/15/2014,shopping bags
3041,9/15/2015,pip fruit
3741,6/14/2015,root vegetables
3821,12/14/2014,"whipped,sour cream"
1160,1/24/2015,shopping bags
1095,10/30/2015,bottled water
1922,2/7/2015,sausage
4419,12/23/2015,other vegetables
4681,1/13/2014,bottled water
4806,10/27/2015,tropical fruit
2107,12/30/2014,pip fruit
2262,10/6/2014,newspapers
2703,9/21/2015,canned beer
2978,11/25/2015,other vegetables
4182,5/12/2015,other vegetables
2561,11/27/2014,citrus fruit
2868,3/4/2014,pastry
2362,10/27/2014,"rolls,buns"
2348,12/11/2015,pastry
1364,8/11/2014,bottled water
3872,3/28/2015,canned beer
1076,12/24/2014,sausage
3380,8/16/2014,other vegetables
2545,8/3/2014,pastry
4901,2/14/2015,whole milk
4260,11/16/2015,whole milk
2838,11/10/2015,bottled water
3225,9/19/2014,other vegetables
4890,4/22/2015,whole milk
3737,12/30/2014,pip fruit
1456,11/20/2015,newspapers
2240,9/20/2015,pip fruit
2480,3/26/2015,tropical fruit
4355,1/13/2014,pip fruit
1018,5/23/2015,root vegetables
3580,3/17/2014,whole milk
4952,8/26/2015,pastry
3669,2/10/2015,citrus fruit
3808,3/5/2014,other vegetables
4462,4/2/2015,"rolls,buns"
3691,8/24/2015,root vegetables
4080,7/3/2015,whole milk
4027,6/29/2015,pip fruit
3405,3/4/2015,other vegetables
2840,5/27/2015,canned beer
1523,3/20/2014,bottled beer
2996,9/17/2014,bottled beer
4952,4/8/2015,"whipped,sour cream"
2432,11/15/2014,whole milk
2289,7/3/2014,"rolls,buns"
3829,6/25/2015,tropical fruit
2947,4/28/2015,tropical fruit
2669,9/24/2015,pip fruit
3560,9/27/2015,canned beer
1696,8/23/2014,root vegetables
2663,1/20/2014,canned beer
1004,2/4/2014,pip fruit
3232,12/18/2015,other vegetables
3878,7/28/2015,pastry
1733,2/27/2014,newspapers
3408,11/5/2015,bottled beer
1497,7/26/2015,shopping bags
1776,4/15/2015,bottled water
1726,3/14/2014,other vegetables
2255,5/1/2015,tropical fruit
4527,10/14/2014,citrus fruit
4877,6/20/2015,sausage
4422,10/19/2014,bottled water
2778,5/9/2014,bottled beer
2313,2/18/2015,shopping bags
2156,5/15/2015,whole milk
2811,2/23/2015,tropical fruit
4076,8/2/2014,other vegetables
1833,10/20/2014,other vegetables
1661,6/1/2015,root vegetables
1389,2/18/2015,"rolls,buns"
2829,10/29/2015,pip fruit
2792,7/29/2015,"rolls,buns"
4372,9/11/2014,whole milk
4483,7/3/2014,other vegetables
2186,4/2/2015,sausage
1332,4/18/2014,other vegetables
4824,6/19/2014,newspapers
2672,1/17/2015,sausage
3683,11/7/2014,bottled water
4529,1/3/2015,whole milk
2267,1/7/2015,whole milk
2727,12/15/2015,whole milk
4641,11/29/2015,other vegetables
1583,11/23/2015,pip fruit
1920,2/9/2015,citrus fruit
2564,1/14/2014,"rolls,buns"
2517,7/4/2015,pip fruit
1686,4/12/2014,whole milk
2625,3/22/2015,shopping bags
1847,1/10/2014,"rolls,buns"
1729,7/23/2015,newspapers
3316,1/3/2015,whole milk
3767,6/6/2015,bottled beer
2154,8/14/2014,whole milk
1966,10/10/2014,whole milk
3035,11/8/2015,whole milk
2852,6/8/2015,citrus fruit
3209,12/28/2015,newspapers
2516,4/3/2015,newspapers
4210,3/17/2014,shopping bags
4361,7/14/2014,citrus fruit
4643,12/2/2015,sausage
4200,6/23/2014,shopping bags
3137,8/24/2015,other vegetables
1669,8/19/2015,other vegetables
2311,2/1/2014,pastry
2062,9/22/2015,whole milk
2115,9/19/2014,canned beer
4304,2/1/2015,pip fruit
3686,1/6/2015,whole milk
3584,12/17/2015,whole milk
4841,5/2/2015,whole milk
1655,1/12/2014,bottled water
3409,5/15/2014,"whipped,sour cream"
4711,6/19/2015,whole milk
3358,10/22/2014,other vegetables
2625,2/18/2015,newspapers
3856,5/12/2014,other vegetables
2932,3/20/2015,whole milk
3072,1/26/2015,whole milk
2568,10/9/2015,sausage
3099,12/16/2014,citrus fruit
4730,11/26/2014,other vegetables
3872,1/22/2015,sausage
1140,6/26/2015,other vegetables
1553,4/7/2014,pip fruit
3153,4/28/2015,canned beer
1781,1/24/2014,tropical fruit
1446,5/7/2014,bottled water
4516,3/29/2015,sausage
2464,6/11/2014,sausage
2071,7/31/2014,pip fruit
4077,12/25/2014,bottled water
2111,5/30/2014,other vegetables
2376,11/8/2014,"whipped,sour cream"
3672,5/28/2015,canned beer
1402,10/14/2014,"rolls,buns"
3031,10/27/2015,whole milk
2699,11/28/2015,"whipped,sour cream"
1801,11/19/2014,"rolls,buns"
4230,3/15/2015,sausage
4738,8/15/2015,other vegetables
1670,6/30/2015,newspapers
2499,11/1/2014,other vegetables
2196,3/25/2014,whole milk
1583,7/28/2015,newspapers
1249,10/11/2014,bottled beer
2527,8/11/2015,whole milk
3537,7/12/2015,sausage
2844,5/21/2015,tropical fruit
4486,12/2/2015,"rolls,buns"
2311,6/30/2015,"rolls,buns"
1904,4/24/2014,other vegetables
1362,10/6/2015,whole milk
3411,12/3/2014,whole milk
4766,1/3/2015,bottled beer
4294,3/2/2015,"rolls,buns"
4065,7/7/2015,pastry
1265,2/1/2014,other vegetables
2939,8/3/2015,bottled water
1938,3/13/2014,tropical fruit
1417,10/14/2014,"whipped,sour cream"
3581,6/9/2014,"rolls,buns"
1879,11/8/2014,"rolls,buns"
4623,6/25/2014,bottled water
2589,10/4/2014,shopping bags
1332,4/30/2015,pastry
4500,6/8/2015,whole milk
3068,5/25/2014,whole milk
2789,6/1/2015,tropical fruit
1221,11/15/2014,bottled water
2312,3/26/2015,other vegetables
3960,2/15/2014,"rolls,buns"
1072,10/23/2015,canned beer
2038,7/23/2014,pastry
1381,3/23/2015,bottled beer
4977,4/19/2015,"rolls,buns"
1275,4/11/2015,citrus fruit
2686,12/9/2014,whole milk
2982,6/15/2014,"rolls,buns"
3774,2/16/2015,whole milk
1228,2/23/2015,bottled beer
4522,5/27/2014,other vegetables
4272,8/14/2014,pastry
2502,6/18/2014,bottled water
1662,6/12/2015,bottled water
1711,3/21/2015,shopping bags
3831,3/7/2015,newspapers
4525,9/28/2015,whole milk
3581,4/12/2015,tropical fruit
1473,10/10/2014,"whipped,sour cream"
2602,2/4/2014,sausage
1006,7/5/2014,"rolls,buns"
2193,1/5/2014,bottled beer
2990,6/29/2015,pastry
1365,9/15/2014,other vegetables
1593,8/8/2015,"rolls,buns"
4985,3/12/2014,shopping bags
4417,5/18/2015,tropical fruit
2851,3/16/2015,other vegetables
4431,6/12/2014,whole milk
3438,12/27/2015,pip fruit
3821,1/3/2015,whole milk
2043,4/21/2015,bottled water
1511,8/28/2014,bottled water
4441,12/12/2014,newspapers
4259,12/16/2014,pastry
2949,3/25/2014,bottled water
1234,3/16/2014,bottled water
1225,2/26/2015,whole milk
1402,10/14/2014,"rolls,buns"
2283,1/18/2015,root vegetables
2250,10/4/2015,citrus fruit
3698,7/11/2014,whole milk
1014,10/3/2015,sausage
2801,1/23/2014,root vegetables
4874,2/21/2014,bottled water
4857,3/3/2014,whole milk
2384,1/14/2014,tropical fruit
4649,9/5/2014,shopping bags
1354,5/4/2014,bottled beer
1846,5/18/2015,sausage
2832,11/2/2015,other vegetables
2337,5/10/2015,citrus fruit
1265,3/7/2015,pastry
4300,4/4/2015,citrus fruit
4056,5/10/2014,tropical fruit
4937,5/18/2015,sausage
1063,1/23/2015,"rolls,buns"
1923,6/2/2014,tropical fruit
2427,12/22/2014,pip fruit
4835,12/9/2015,root vegetables
4748,4/19/2014,whole milk
1580,5/19/2014,citrus fruit
4686,11/12/2015,citrus fruit
2098,8/2/2014,tropical fruit
2580,4/3/2014,"whipped,sour cream"
1480,2/4/2014,tropical fruit
2165,9/27/2014,bottled beer
2316,2/17/2014,pip fruit
1513,11/12/2015,sausage
3268,5/4/2014,root vegetables
4294,12/3/2015,"rolls,buns"
2051,7/23/2015,root vegetables
3259,9/2/2015,sausage
3303,1/25/2015,citrus fruit
1784,9/5/2014,"rolls,buns"
3350,5/23/2014,newspapers
3582,6/17/2015,shopping bags
2375,9/3/2015,"rolls,buns"
4747,5/1/2014,pastry
3248,10/25/2014,other vegetables
2568,12/22/2014,canned beer
1279,9/10/2015,citrus fruit
2585,5/17/2014,whole milk
1329,2/22/2014,newspapers
2934,10/30/2014,tropical fruit
4525,11/13/2014,whole milk
4858,2/15/2015,citrus fruit
1026,5/28/2015,root vegetables
3216,2/12/2015,newspapers
3753,12/28/2014,bottled beer
1738,8/10/2014,whole milk
2406,12/7/2015,sausage
3311,5/2/2015,"rolls,buns"
4002,8/28/2015,canned beer
4487,7/10/2015,sausage
1788,12/5/2015,citrus fruit
1285,6/21/2014,shopping bags
1023,12/30/2014,"whipped,sour cream"
3900,12/20/2015,sausage
3408,4/7/2014,root vegetables
1053,5/16/2014,"rolls,buns"
3922,8/28/2015,citrus fruit
2176,9/27/2014,"rolls,buns"
1583,5/31/2015,pastry
4738,6/8/2014,bottled beer
3922,4/1/2015,citrus fruit
2076,10/13/2014,bottled beer
3548,3/13/2014,tropical fruit
4609,11/7/2015,whole milk
1195,9/28/2015,whole milk
2064,8/21/2015,"rolls,buns"
2760,1/7/2015,sausage
4813,11/20/2014,pastry
2063,6/2/2014,pastry
2706,10/3/2015,bottled water
2902,6/12/2015,other vegetables
1120,1/14/2015,newspapers
2988,10/14/2015,bottled beer
4825,4/23/2014,citrus fruit
3582,3/31/2015,bottled water
3544,3/10/2015,whole milk
2900,4/11/2015,pastry
4191,8/5/2014,citrus fruit
1932,7/6/2014,other vegetables
3818,12/17/2015,whole milk
2854,2/8/2015,whole milk
1982,2/24/2015,tropical fruit
3801,8/25/2014,pastry
4137,3/7/2015,root vegetables
1176,8/4/2014,bottled water
3969,3/5/2015,root vegetables
1034,2/24/2014,pip fruit
3287,2/2/2015,"rolls,buns"
3948,2/20/2014,shopping bags
1765,3/11/2015,"whipped,sour cream"
1648,5/1/2015,pastry
4798,8/24/2015,"rolls,buns"
3473,8/2/2014,tropical fruit
4822,2/10/2015,bottled water
2879,4/18/2015,"rolls,buns"
3595,1/6/2014,bottled water
4164,3/27/2014,whole milk
3467,11/8/2014,citrus fruit
3735,11/28/2015,"rolls,buns"
3152,11/24/2015,"rolls,buns"
3122,10/13/2015,pip fruit
3832,6/26/2014,"rolls,buns"
4252,4/28/2014,bottled water
1109,11/22/2014,pip fruit
4433,10/19/2014,whole milk
1877,6/16/2014,"whipped,sour cream"
2431,1/17/2014,whole milk
1534,8/13/2015,tropical fruit
3106,4/20/2014,shopping bags
2071,10/14/2015,whole milk
4236,10/13/2015,tropical fruit
4698,10/25/2015,newspapers
1155,4/1/2015,whole milk
3965,10/16/2014,sausage
3595,8/6/2015,bottled beer
1476,8/26/2015,shopping bags
4643,3/9/2014,bottled water
1409,2/17/2015,whole milk
4683,7/9/2014,"rolls,buns"
3044,9/17/2014,whole milk
3694,12/17/2015,"rolls,buns"
2683,8/11/2015,"rolls,buns"
4120,9/22/2014,bottled water
4976,7/11/2015,pastry
1381,2/5/2014,"rolls,buns"
2264,7/22/2014,bottled beer
1043,3/14/2014,tropical fruit
2903,8/2/2015,other vegetables
4082,5/1/2015,whole milk
1148,7/9/2015,tropical fruit
3776,7/2/2014,whole milk
4024,11/21/2014,bottled beer
2415,8/8/2015,bottled beer
3540,3/5/2015,bottled water
3853,7/4/2015,tropical fruit
3744,11/3/2014,bottled water
1264,11/17/2015,pastry
3373,12/24/2015,other vegetables
2806,1/21/2014,newspapers
4936,3/2/2015,root vegetables
3737,7/6/2014,bottled water
4492,11/25/2014,"rolls,buns"
3050,3/11/2015,whole milk
2465,12/27/2015,tropical fruit
4270,2/8/2015,shopping bags
4455,6/30/2015,whole milk
3530,3/21/2014,shopping bags
4650,12/14/2014,shopping bags
3238,7/3/2014,bottled beer
4105,2/5/2015,"whipped,sour cream"
2553,6/21/2015,other vegetables
2044,11/26/2014,pip fruit
2807,7/17/2014,whole milk
1304,4/30/2015,"whipped,sour cream"
3028,10/7/2014,whole milk
3800,11/25/2014,newspapers
4774,7/24/2014,"whipped,sour cream"
3491,6/6/2015,root vegetables
3184,9/4/2015,whole milk
2236,1/7/2014,bottled beer
2448,6/8/2015,root vegetables
3494,3/25/2015,whole milk
4814,9/13/2015,whole milk
4137,9/12/2014,shopping bags
1970,6/11/2014,pastry
3986,7/25/2015,other vegetables
4821,11/28/2015,shopping bags
3766,11/8/2015,shopping bags
4907,4/21/2015,whole milk
2612,5/30/2014,bottled water
4574,11/30/2015,sausage
4153,2/5/2015,other vegetables
3844,9/17/2015,whole milk
1456,5/26/2014,"whipped,sour cream"
3596,4/20/2015,other vegetables
2310,3/21/2014,shopping bags
3442,11/14/2015,"rolls,buns"
3497,9/24/2015,other vegetables
3193,10/25/2014,"rolls,buns"
2375,8/18/2014,whole milk
2939,10/22/2014,tropical fruit
3127,12/3/2014,bottled water
2391,1/3/2015,whole milk
4696,9/8/2014,root vegetables
4763,10/28/2015,citrus fruit
1270,2/3/2015,citrus fruit
2782,6/9/2015,other vegetables
4658,7/14/2015,sausage
1183,6/12/2015,other vegetables
4155,9/10/2014,whole milk
3927,12/9/2015,bottled water
2850,1/10/2014,pip fruit
4299,10/21/2014,"rolls,buns"
3587,8/5/2015,pastry
4586,9/26/2014,whole milk
3139,1/23/2014,citrus fruit
4688,8/3/2015,pip fruit
2337,4/3/2014,whole milk
4414,10/15/2014,bottled water
2594,7/25/2014,root vegetables
2986,3/28/2014,other vegetables
4408,3/13/2015,whole milk
2530,8/30/2015,bottled beer
4265,10/31/2014,other vegetables
1997,10/30/2014,shopping bags
1265,3/7/2015,other vegetables
4146,8/5/2014,sausage
3998,3/28/2015,"rolls,buns"
1058,11/10/2015,root vegetables
3073,7/6/2014,pastry
3266,8/19/2015,canned beer
3490,7/9/2015,canned beer
2148,11/20/2014,tropical fruit
3828,2/24/2014,citrus fruit
3276,4/3/2015,whole milk
1758,2/26/2015,pip fruit
2846,8/15/2015,"whipped,sour cream"
2193,9/30/2015,citrus fruit
1343,2/7/2014,other vegetables
4109,2/8/2015,"whipped,sour cream"
2733,5/5/2014,bottled water
2038,7/23/2014,pip fruit
4137,8/17/2014,shopping bags
4342,5/15/2014,"whipped,sour cream"
3686,8/29/2015,other vegetables
3399,7/19/2015,"rolls,buns"
3164,2/14/2014,citrus fruit
3922,8/28/2015,citrus fruit
4370,2/12/2014,other vegetables
3462,9/21/2014,"rolls,buns"
1621,2/13/2014,shopping bags
1240,4/14/2015,"rolls,buns"
3587,8/5/2015,root vegetables
3663,1/4/2015,bottled beer
1905,2/21/2015,sausage
4439,8/21/2015,"rolls,buns"
1658,8/9/2014,newspapers
3960,2/15/2014,root vegetables
4646,12/28/2014,other vegetables
3315,1/21/2014,whole milk
1839,10/9/2015,"whipped,sour cream"
1652,12/6/2014,canned beer
4914,11/29/2015,whole milk
3641,12/27/2015,bottled water
3549,6/10/2014,canned beer
2240,10/2/2014,shopping bags
2516,4/3/2015,pip fruit
1580,12/5/2015,other vegetables
2191,10/19/2015,root vegetables
3598,3/13/2014,other vegetables
2827,10/16/2014,citrus fruit
2201,5/22/2015,bottled water
2707,6/22/2015,bottled water
3380,5/16/2015,root vegetables
3949,4/1/2015,other vegetables
4988,10/29/2015,"rolls,buns"
3360,11/14/2015,whole milk
3679,12/23/2015,other vegetables
1004,8/19/2014,root vegetables
4592,7/13/2015,newspapers
1806,6/20/2014,"whipped,sour cream"
3017,9/28/2015,tropical fruit
1955,2/13/2015,"rolls,buns"
1997,12/28/2015,pastry
3345,9/30/2015,whole milk
4697,11/3/2014,bottled water
2287,9/23/2015,"rolls,buns"
3120,11/14/2015,other vegetables
3035,11/8/2015,pastry
1416,8/22/2015,other vegetables
1283,3/15/2015,whole milk
3048,11/10/2015,sausage
3137,11/29/2014,newspapers
1603,7/13/2015,canned beer
1881,2/15/2014,root vegetables
1251,11/26/2015,canned beer
2295,2/25/2015,"rolls,buns"
1721,10/15/2015,other vegetables
1058,4/6/2015,sausage
2086,12/2/2014,root vegetables
1871,12/14/2014,tropical fruit
4780,7/3/2015,whole milk
4223,6/15/2015,pastry
4112,9/8/2014,root vegetables
2331,11/28/2015,canned beer
1596,7/14/2015,bottled water
4468,3/12/2014,bottled water
1597,2/5/2015,whole milk
4477,2/15/2015,"whipped,sour cream"
4864,3/27/2015,whole milk
2824,12/7/2015,whole milk
3950,10/1/2015,tropical fruit
2005,11/22/2014,"rolls,buns"
4397,8/28/2014,shopping bags
3830,10/12/2014,newspapers
3113,6/18/2015,tropical fruit
1026,5/28/2015,root vegetables
1194,1/16/2014,bottled water
3701,1/22/2015,tropical fruit
4397,6/27/2015,"rolls,buns"
1801,12/6/2014,canned beer
2989,3/25/2014,whole milk
3859,9/30/2015,canned beer
3227,8/20/2014,shopping bags
3039,9/2/2015,whole milk
1891,7/5/2014,bottled water
2210,9/7/2015,sausage
4038,6/23/2014,canned beer
1934,8/4/2015,bottled beer
4082,5/7/2014,pastry
4038,11/6/2015,tropical fruit
3427,10/16/2014,"rolls,buns"
4554,7/16/2015,tropical fruit
4198,11/10/2014,"rolls,buns"
2390,8/26/2014,other vegetables
3531,8/29/2015,canned beer
4235,10/18/2014,"rolls,buns"
1724,7/23/2015,canned beer
2804,9/19/2014,other vegetables
3329,8/28/2014,whole milk
3047,9/7/2015,sausage
5000,2/10/2015,root vegetables
2327,3/18/2015,"whipped,sour cream"
2606,1/26/2015,tropical fruit
3185,2/21/2014,newspapers
1055,5/25/2015,newspapers
2560,5/17/2015,sausage
4275,10/30/2014,whole milk
1932,7/6/2014,tropical fruit
4879,4/12/2014,root vegetables
1308,11/23/2014,whole milk
1307,6/22/2015,sausage
2315,6/3/2014,newspapers
1651,12/17/2015,whole milk
4632,9/30/2015,canned beer
4543,10/23/2015,"rolls,buns"
1282,5/4/2014,other vegetables
4645,12/29/2015,"rolls,buns"
1491,10/17/2015,other vegetables
2505,11/30/2015,bottled water
2768,5/5/2014,pastry
4870,7/1/2014,bottled water
4925,9/26/2014,bottled water
2353,2/7/2015,canned beer
4733,11/9/2014,pip fruit
1230,12/17/2014,canned beer
1482,2/21/2015,pip fruit
4455,10/9/2014,"rolls,buns"
3285,7/12/2015,"whipped,sour cream"
3621,5/22/2014,bottled water
4101,1/30/2015,"rolls,buns"
2997,12/30/2015,tropical fruit
2408,8/2/2014,shopping bags
3214,1/14/2015,tropical fruit
1811,8/16/2014,bottled beer
4184,9/17/2014,pip fruit
3843,12/9/2014,citrus fruit
1932,6/27/2015,tropical fruit
4657,9/21/2014,"rolls,buns"
4149,5/12/2014,pip fruit
4972,12/13/2014,tropical fruit
2029,7/15/2014,other vegetables
4460,7/12/2015,canned beer
4218,10/3/2015,root vegetables
3106,5/11/2014,whole milk
1761,7/26/2014,tropical fruit
1776,4/15/2015,canned beer
4386,9/8/2015,citrus fruit
1923,2/2/2014,pip fruit
2509,8/17/2014,other vegetables
4629,2/24/2015,whole milk
3488,8/19/2015,bottled beer
1609,5/3/2015,other vegetables
1791,2/2/2014,tropical fruit
1279,9/10/2015,whole milk
2744,5/6/2014,"rolls,buns"
2916,8/12/2014,whole milk
2339,1/28/2014,bottled water
1341,11/8/2014,pastry
2691,11/4/2015,other vegetables
1561,6/5/2015,whole milk
1407,6/26/2015,pastry
2430,1/28/2014,pastry
4337,10/26/2015,tropical fruit
2706,10/3/2015,tropical fruit
4120,3/13/2015,"rolls,buns"
1038,4/10/2015,other vegetables
4745,4/12/2015,"rolls,buns"
2799,5/25/2015,sausage
2344,2/14/2015,canned beer
3347,6/5/2015,"whipped,sour cream"
4122,4/24/2015,tropical fruit
1610,5/26/2015,root vegetables
3394,12/13/2015,sausage
3378,3/13/2014,"rolls,buns"
4970,8/22/2014,pip fruit
3086,4/4/2015,shopping bags
2325,11/6/2014,pastry
3893,10/9/2014,sausage
2142,6/25/2015,root vegetables
2810,2/8/2014,root vegetables
4685,9/29/2014,"rolls,buns"
3820,5/10/2014,tropical fruit
3519,7/30/2015,sausage
3637,7/10/2015,whole milk
1821,5/21/2015,tropical fruit
3526,10/24/2014,other vegetables
3252,8/22/2015,citrus fruit
2861,4/15/2014,pastry
3133,12/1/2015,tropical fruit
4328,7/21/2015,tropical fruit
1097,9/25/2015,bottled water
2924,11/19/2015,"rolls,buns"
4819,10/1/2015,"rolls,buns"
2790,12/30/2015,other vegetables
2355,12/29/2014,whole milk
2847,11/23/2015,canned beer
3793,4/15/2015,citrus fruit
1504,12/24/2014,root vegetables
1148,9/27/2015,other vegetables
3822,3/7/2015,bottled water
3486,12/23/2015,pip fruit
3855,3/9/2015,citrus fruit
3715,4/4/2014,whole milk
1819,6/25/2015,pip fruit
2698,3/31/2014,whole milk
4216,4/28/2015,sausage
4588,11/8/2015,pastry
1206,1/2/2015,sausage
4593,4/7/2015,other vegetables
1922,1/1/2014,other vegetables
2441,5/30/2015,sausage
3592,10/28/2015,other vegetables
2363,5/22/2015,"whipped,sour cream"
3557,5/24/2015,whole milk
1619,9/21/2014,"whipped,sour cream"
2394,8/19/2015,whole milk
1651,2/22/2015,bottled water
2305,1/5/2015,canned beer
1975,9/26/2015,root vegetables
1566,1/30/2014,bottled beer
4785,4/4/2015,tropical fruit
1081,3/6/2015,other vegetables
3045,3/26/2015,whole milk
4301,5/1/2015,whole milk
1911,6/2/2015,shopping bags
2790,10/11/2015,tropical fruit
4762,2/7/2014,newspapers
4419,12/23/2015,citrus fruit
1740,7/13/2014,"whipped,sour cream"
2663,5/18/2015,canned beer
2957,6/6/2014,other vegetables
4875,4/15/2014,"rolls,buns"
2743,7/13/2015,citrus fruit
4655,3/21/2015,other vegetables
3351,6/13/2014,citrus fruit
4704,8/19/2015,pip fruit
2535,11/10/2015,root vegetables
3434,6/10/2015,"rolls,buns"
2639,10/30/2015,other vegetables
2465,12/27/2015,whole milk
1004,10/13/2014,"rolls,buns"
4800,10/27/2014,tropical fruit
1464,6/3/2015,other vegetables
4661,5/10/2015,other vegetables
1758,2/26/2015,other vegetables
4909,10/26/2015,bottled water
2460,10/27/2015,newspapers
4676,1/15/2015,sausage
3015,1/31/2014,bottled water
1961,1/16/2014,tropical fruit
2556,8/28/2015,pastry
1013,1/17/2014,bottled water
1371,1/22/2015,"whipped,sour cream"
2863,3/3/2014,bottled beer
2781,10/4/2014,whole milk
2432,1/19/2014,tropical fruit
3231,3/22/2014,tropical fruit
4959,10/20/2014,"rolls,buns"
2948,6/19/2015,bottled water
3758,1/13/2015,whole milk
1456,9/18/2015,whole milk
3937,10/2/2014,"rolls,buns"
1636,5/4/2015,whole milk
4206,4/7/2014,"whipped,sour cream"
2548,12/25/2015,citrus fruit
4418,10/4/2015,"rolls,buns"
4291,12/8/2015,sausage
3998,1/23/2015,citrus fruit
3260,7/8/2015,whole milk
1754,9/17/2015,other vegetables
4486,7/21/2015,"rolls,buns"
3957,2/15/2015,whole milk
4296,7/28/2015,tropical fruit
2169,10/21/2015,citrus fruit
4297,10/27/2015,whole milk
2139,3/2/2014,other vegetables
1077,9/12/2015,tropical fruit
2978,6/5/2015,"whipped,sour cream"
3568,8/14/2014,newspapers
1504,10/14/2014,whole milk
4214,10/7/2015,"rolls,buns"
4433,2/16/2014,whole milk
3077,5/29/2015,bottled water
1175,1/2/2014,other vegetables
1328,8/14/2014,tropical fruit
4897,6/13/2014,"rolls,buns"
1702,5/5/2014,pastry
2205,3/7/2015,"whipped,sour cream"
2619,1/12/2014,shopping bags
2055,12/14/2014,newspapers
3214,12/22/2015,root vegetables
1539,9/27/2015,"whipped,sour cream"
4804,12/27/2015,tropical fruit
1508,11/15/2015,canned beer
4700,3/4/2015,sausage
4685,11/4/2015,root vegetables
2199,6/2/2014,citrus fruit
1514,4/8/2015,"whipped,sour cream"
1731,10/26/2014,other vegetables
2470,5/1/2014,tropical fruit
4594,12/24/2014,bottled beer
4075,1/5/2015,bottled water
1277,12/1/2015,sausage
2843,6/6/2014,"rolls,buns"
2293,7/30/2014,bottled water
1092,12/10/2014,newspapers
3950,5/12/2015,whole milk
3451,4/26/2015,whole milk
2578,11/7/2014,shopping bags
2362,8/17/2014,other vegetables
2425,2/20/2015,other vegetables
4682,5/17/2015,other vegetables
4915,9/18/2015,canned beer
1719,9/17/2015,shopping bags
3077,5/29/2015,pastry
4036,5/26/2015,whole milk
2251,3/29/2015,whole milk
2916,6/13/2015,whole milk
2350,5/30/2014,"rolls,buns"
4822,7/4/2015,pip fruit
2816,10/11/2015,other vegetables
3385,6/28/2015,other vegetables
4124,7/27/2014,pastry
1734,8/17/2014,other vegetables
3796,6/6/2015,bottled beer
4536,4/6/2015,tropical fruit
2172,3/2/2015,citrus fruit
2549,6/28/2014,bottled water
2348,11/22/2014,pastry
1430,11/12/2015,"rolls,buns"
2086,12/2/2014,bottled water
1100,12/18/2014,whole milk
1129,11/14/2014,shopping bags
4066,12/2/2014,whole milk
4673,12/10/2014,bottled water
3386,2/3/2015,citrus fruit
1425,9/24/2015,citrus fruit
1456,9/18/2015,"rolls,buns"
4368,2/20/2014,whole milk
3739,10/20/2014,"rolls,buns"
3963,9/21/2014,citrus fruit
2772,3/18/2015,tropical fruit
4848,10/14/2015,"rolls,buns"
2307,3/12/2015,whole milk
3154,5/14/2015,citrus fruit
3462,10/1/2014,citrus fruit
2242,2/4/2014,shopping bags
1123,12/28/2014,whole milk
1643,4/28/2015,"rolls,buns"
2862,6/2/2014,shopping bags
2760,8/2/2015,citrus fruit
2255,5/1/2015,whole milk
3433,10/1/2015,root vegetables
2761,3/2/2015,"whipped,sour cream"
2688,10/18/2014,canned beer
2950,11/18/2014,canned beer
2904,9/28/2014,"whipped,sour cream"
2494,5/5/2015,newspapers
3184,4/20/2014,whole milk
1715,12/8/2014,bottled water
1293,3/1/2015,whole milk
3339,10/8/2015,"rolls,buns"
3680,10/25/2014,"rolls,buns"
4575,4/8/2014,whole milk
2274,2/22/2014,"rolls,buns"
4720,2/12/2015,"rolls,buns"
4039,12/27/2015,pastry
2860,3/1/2015,shopping bags
3913,5/6/2014,"rolls,buns"
4659,1/22/2014,root vegetables
1381,5/7/2014,pastry
1017,2/21/2014,root vegetables
2722,7/26/2014,root vegetables
2338,12/8/2015,canned beer
2331,10/13/2014,shopping bags
4682,3/19/2015,root vegetables
2051,12/3/2014,newspapers
3511,4/30/2014,newspapers
3688,9/24/2015,whole milk
3117,9/30/2015,citrus fruit
3350,1/21/2014,citrus fruit
4633,4/26/2015,citrus fruit
1438,5/11/2015,sausage
3725,9/20/2014,root vegetables
1863,8/4/2015,tropical fruit
3710,7/15/2015,whole milk
2711,8/18/2015,bottled beer
1382,3/26/2015,pip fruit
2043,4/21/2015,other vegetables
1844,2/10/2015,root vegetables
3349,1/18/2014,other vegetables
2348,11/1/2015,root vegetables
1380,4/9/2015,"rolls,buns"
1894,8/19/2014,root vegetables
3044,1/5/2015,sausage
2396,8/19/2014,tropical fruit
2827,10/16/2014,whole milk
4422,10/19/2014,pip fruit
2355,7/24/2015,tropical fruit
3452,12/23/2014,canned beer
3298,4/28/2015,sausage
2378,4/15/2015,"whipped,sour cream"
4352,12/29/2015,other vegetables
3205,1/17/2015,pip fruit
1604,8/18/2015,sausage
4676,11/13/2014,other vegetables
3010,6/13/2014,shopping bags
2492,6/18/2015,root vegetables
1014,10/6/2014,whole milk
2251,2/6/2014,citrus fruit
3967,10/10/2014,shopping bags
3066,10/11/2015,other vegetables
4453,3/20/2014,whole milk
2551,10/21/2015,citrus fruit
2448,12/29/2015,"rolls,buns"
1020,10/13/2015,canned beer
2001,2/5/2014,shopping bags
4031,1/14/2015,root vegetables
4588,6/30/2015,"rolls,buns"
4143,1/14/2014,pastry
3353,3/6/2015,bottled water
3703,3/24/2015,"rolls,buns"
1216,8/25/2015,whole milk
1466,4/9/2014,"rolls,buns"
4259,6/24/2015,shopping bags
3257,9/2/2014,pastry
4002,9/3/2015,whole milk
2682,2/20/2014,other vegetables
3726,9/3/2014,whole milk
1868,2/25/2014,newspapers
2218,7/2/2015,whole milk
2789,5/29/2014,bottled beer
1303,3/29/2015,canned beer
1899,10/24/2015,pastry
4854,10/22/2014,other vegetables
3915,9/11/2015,"rolls,buns"
1564,6/19/2015,tropical fruit
3005,7/10/2014,tropical fruit
2022,7/22/2015,other vegetables
4895,7/21/2015,pastry
1232,7/1/2015,bottled water
2601,5/20/2015,other vegetables
4558,4/5/2015,"whipped,sour cream"
4556,1/10/2015,pip fruit
2585,2/13/2015,other vegetables
2570,2/25/2014,other vegetables
2939,8/3/2015,whole milk
1237,4/9/2015,other vegetables
4643,3/12/2015,other vegetables
2637,9/18/2014,"rolls,buns"
1517,8/1/2015,"rolls,buns"
2241,2/17/2014,root vegetables
1011,2/15/2014,bottled water
3732,3/27/2014,whole milk
2715,5/23/2014,"rolls,buns"
2817,12/22/2015,pastry
2847,1/5/2014,"rolls,buns"
2325,1/20/2014,whole milk
4245,7/15/2014,whole milk
3694,11/10/2015,other vegetables
3019,12/19/2015,"rolls,buns"
2312,2/25/2014,canned beer
3173,7/25/2015,"whipped,sour cream"
3064,1/2/2015,other vegetables
4829,11/3/2015,pip fruit
3543,2/25/2015,citrus fruit
3551,10/14/2014,canned beer
3934,5/1/2015,newspapers
1046,6/24/2015,bottled water
2364,6/21/2015,root vegetables
3030,12/14/2014,whole milk
1569,5/20/2014,"rolls,buns"
3971,6/17/2015,tropical fruit
3248,2/6/2014,whole milk
2864,10/16/2014,other vegetables
2457,8/29/2014,other vegetables
2853,10/26/2014,other vegetables
4291,8/7/2014,bottled water
3495,3/11/2015,whole milk
4962,10/17/2014,pip fruit
2709,8/20/2015,citrus fruit
1327,7/4/2015,whole milk
1114,9/4/2014,root vegetables
2035,12/23/2015,sausage
4534,10/15/2014,pastry
2062,9/3/2015,bottled beer
2610,2/26/2015,"rolls,buns"
2229,10/7/2014,"rolls,buns"
1264,7/30/2015,other vegetables
4063,7/14/2015,pastry
4982,8/1/2015,canned beer
1139,1/19/2015,tropical fruit
4416,2/25/2014,other vegetables
2707,3/7/2015,whole milk
2953,1/4/2015,"rolls,buns"
2777,4/7/2015,whole milk
2587,5/7/2015,canned beer
3305,3/6/2014,newspapers
4919,3/12/2015,root vegetables
4335,6/10/2015,shopping bags
2270,7/1/2015,sausage
2699,4/18/2015,other vegetables
4267,9/6/2015,whole milk
1874,2/10/2015,other vegetables
3843,9/4/2015,sausage
4288,6/20/2014,citrus fruit
4020,12/1/2014,whole milk
3737,12/6/2015,sausage
3563,6/26/2014,"whipped,sour cream"
3180,10/19/2015,pastry
2851,6/22/2014,bottled beer
3647,5/15/2014,whole milk
2947,3/3/2014,bottled water
4083,8/15/2014,newspapers
3363,8/6/2014,"rolls,buns"
4357,9/7/2014,"whipped,sour cream"
4857,7/28/2015,citrus fruit
2806,1/19/2014,canned beer
1632,12/15/2015,"rolls,buns"
1113,8/5/2015,bottled beer
2909,7/23/2014,"rolls,buns"
3468,6/2/2014,"whipped,sour cream"
1032,7/13/2015,"whipped,sour cream"
2512,9/2/2015,pastry
2173,12/15/2014,other vegetables
1593,8/8/2015,"rolls,buns"
2070,4/27/2014,root vegetables
1927,6/20/2014,"rolls,buns"
4163,11/5/2014,newspapers
4448,12/11/2014,whole milk
1194,1/16/2014,whole milk
4178,12/25/2014,root vegetables
2494,5/5/2015,canned beer
4722,10/13/2015,other vegetables
3913,3/21/2015,pastry
3666,6/14/2014,bottled water
1814,7/17/2014,bottled water
4873,3/22/2014,newspapers
3282,8/28/2014,sausage
4443,11/10/2014,whole milk
3180,7/3/2015,sausage
1625,10/8/2015,other vegetables
2091,10/19/2015,pastry
4583,2/23/2015,bottled beer
2443,6/20/2015,sausage
4221,2/27/2015,whole milk
4153,9/28/2014,"rolls,buns"
1379,7/2/2014,whole milk
1406,12/28/2015,bottled beer
2129,3/18/2015,whole milk
1026,5/28/2015,canned beer
4625,4/7/2015,sausage
2762,3/20/2015,whole milk
1045,1/12/2014,root vegetables
1277,12/1/2015,"rolls,buns"
1797,1/18/2014,other vegetables
2805,4/18/2015,bottled water
1512,6/3/2014,"rolls,buns"
2654,3/3/2015,root vegetables
2127,11/19/2015,bottled beer
2800,3/17/2015,citrus fruit
4535,12/5/2015,pastry
3584,12/17/2015,other vegetables
3731,5/29/2014,tropical fruit
4045,3/2/2014,pip fruit
2252,4/13/2014,canned beer
3293,10/17/2014,"rolls,buns"
3762,7/1/2014,newspapers
3386,5/10/2014,root vegetables
2805,4/18/2015,pastry
1948,11/2/2014,pastry
2341,12/22/2014,"rolls,buns"
4872,6/1/2014,whole milk
3424,8/16/2015,canned beer
1613,8/2/2014,whole milk
2693,2/14/2014,bottled water
4119,5/9/2015,whole milk
2271,6/25/2014,newspapers
3462,11/15/2015,tropical fruit
2924,5/26/2014,root vegetables
4680,8/27/2015,bottled beer
2818,11/22/2015,whole milk
2069,6/10/2014,root vegetables
4392,11/28/2015,shopping bags
1423,2/26/2014,citrus fruit
2160,11/7/2014,whole milk
3071,4/18/2014,pastry
4778,4/26/2015,sausage
4734,7/12/2015,tropical fruit
1810,6/9/2014,bottled water
1787,10/31/2015,other vegetables
2072,2/18/2014,newspapers
4693,3/29/2014,bottled beer
2555,12/27/2014,root vegetables
4552,10/17/2015,whole milk
3038,12/30/2014,"rolls,buns"
3370,11/12/2015,root vegetables
2659,6/15/2015,tropical fruit
1848,9/20/2014,whole milk
3785,8/16/2014,root vegetables
1693,2/9/2014,other vegetables
3165,5/7/2014,whole milk
3167,2/3/2015,"whipped,sour cream"
4828,5/14/2015,whole milk
2832,7/7/2014,whole milk
1779,10/28/2015,whole milk
4097,11/14/2015,bottled water
2709,4/2/2014,whole milk
1170,9/13/2014,pip fruit
3232,6/10/2015,whole milk
2193,1/5/2014,whole milk
3031,12/18/2015,pip fruit
1306,6/23/2015,whole milk
1325,5/26/2015,root vegetables
2461,10/4/2015,whole milk
4269,4/1/2015,citrus fruit
2392,3/23/2015,sausage
4025,4/10/2014,sausage
4635,2/2/2014,root vegetables
2340,3/2/2015,other vegetables
3205,6/3/2014,"whipped,sour cream"
2661,12/14/2014,whole milk
1015,5/4/2015,citrus fruit
1278,1/24/2014,root vegetables
1440,7/14/2014,whole milk
3161,11/22/2014,whole milk
3026,1/1/2015,citrus fruit
1035,4/24/2015,whole milk
1939,10/30/2015,newspapers
4015,2/17/2014,canned beer
1431,10/13/2014,"rolls,buns"
2038,2/4/2014,pastry
4456,5/16/2015,bottled water
4589,11/9/2014,whole milk
2332,1/16/2014,"rolls,buns"
4146,4/15/2014,root vegetables
4930,8/13/2014,tropical fruit
1422,2/26/2014,"rolls,buns"
3294,3/1/2014,other vegetables
1242,12/4/2015,bottled beer
3255,5/24/2015,"rolls,buns"
4383,12/2/2014,whole milk
3643,9/26/2014,pastry
4137,3/7/2015,citrus fruit
4220,8/21/2015,"rolls,buns"
1109,6/19/2014,whole milk
4666,12/2/2015,whole milk
2956,7/22/2014,other vegetables
4686,10/8/2015,sausage
2108,9/18/2014,"whipped,sour cream"
2331,6/5/2015,citrus fruit
3460,7/24/2015,root vegetables
1575,1/4/2015,whole milk
4502,6/4/2014,pip fruit
4669,6/25/2015,whole milk
3504,9/22/2015,root vegetables
1442,7/28/2014,citrus fruit
1514,1/11/2015,root vegetables
3842,7/1/2015,bottled water
4693,4/24/2015,canned beer
3793,1/22/2015,pastry
3396,1/19/2014,whole milk
1166,6/3/2014,tropical fruit
3031,10/27/2015,tropical fruit
2809,4/10/2015,whole milk
1997,7/21/2015,canned beer
4459,4/26/2015,tropical fruit
3906,6/16/2015,pip fruit
2855,6/13/2014,whole milk
2086,3/9/2015,other vegetables
1912,8/22/2015,bottled beer
3042,10/2/2015,bottled water
3477,7/17/2014,bottled water
4243,12/29/2014,"whipped,sour cream"
2321,4/8/2015,whole milk
1116,3/6/2014,other vegetables
2925,8/22/2015,tropical fruit
2032,7/28/2015,whole milk
2016,9/18/2014,"whipped,sour cream"
2720,6/26/2014,"rolls,buns"
3449,3/8/2015,sausage
4812,3/17/2015,sausage
1360,2/5/2015,root vegetables
1753,2/26/2015,sausage
3586,10/27/2014,newspapers
1983,5/19/2014,whole milk
2687,8/9/2014,"rolls,buns"
4507,6/18/2015,citrus fruit
2677,12/23/2015,root vegetables
3693,11/16/2015,whole milk
2495,7/4/2015,newspapers
1886,12/2/2015,"rolls,buns"
1722,8/28/2014,tropical fruit
3442,3/2/2014,"rolls,buns"
1988,9/8/2015,bottled beer
4286,9/12/2015,other vegetables
2435,8/30/2015,bottled beer
4748,3/23/2015,newspapers
4942,1/29/2015,bottled water
1395,6/26/2015,root vegetables
2659,5/8/2015,shopping bags
3862,12/26/2014,bottled water
3997,11/22/2014,bottled beer
3296,6/6/2015,whole milk
3803,10/20/2015,pip fruit
3742,9/26/2014,shopping bags
4967,9/23/2015,other vegetables
4852,8/21/2015,pip fruit
2602,1/3/2014,whole milk
3396,10/24/2014,"whipped,sour cream"
4443,1/31/2014,other vegetables
4212,3/31/2015,other vegetables
3731,8/18/2014,other vegetables
1027,5/14/2014,whole milk
3014,11/4/2015,root vegetables
4211,5/2/2014,"rolls,buns"
1682,1/18/2014,other vegetables
2461,10/4/2015,whole milk
2452,8/11/2015,shopping bags
4367,8/22/2014,shopping bags
3253,6/26/2014,"whipped,sour cream"
1184,6/24/2014,newspapers
2678,3/20/2015,whole milk
1525,7/13/2014,sausage
4415,3/6/2014,tropical fruit
2444,6/19/2014,tropical fruit
2044,9/26/2015,shopping bags
3119,7/2/2014,tropical fruit
1283,3/6/2015,"whipped,sour cream"
1170,3/19/2015,whole milk
2433,7/31/2015,whole milk
4456,5/16/2015,whole milk
4946,2/17/2015,sausage
3085,7/11/2015,newspapers
1811,6/2/2014,pastry
2857,12/12/2014,pip fruit
2359,9/26/2014,shopping bags
3522,9/23/2015,whole milk
1101,12/28/2014,other vegetables
4298,3/22/2014,whole milk
1969,1/5/2014,other vegetables
1449,5/27/2015,whole milk
3893,4/15/2015,whole milk
3322,2/11/2015,bottled beer
4078,4/25/2015,pip fruit
1652,3/17/2015,citrus fruit
4040,3/3/2015,sausage
3004,2/10/2015,whole milk
4074,3/11/2014,tropical fruit
4042,7/15/2014,"rolls,buns"
4178,11/13/2015,pastry
3560,9/29/2015,other vegetables
4586,9/26/2014,bottled water
1618,8/2/2015,whole milk
4296,8/26/2015,whole milk
3663,11/20/2015,"rolls,buns"
1181,7/13/2014,bottled beer
4232,6/10/2014,whole milk
1452,11/25/2015,tropical fruit
1669,8/19/2015,shopping bags
1827,5/2/2015,"whipped,sour cream"
4790,5/16/2015,pip fruit
2239,12/13/2015,whole milk
1941,9/16/2015,other vegetables
4643,1/25/2015,whole milk
4172,2/18/2015,tropical fruit
4092,9/30/2015,sausage
2869,8/2/2014,bottled beer
2521,3/3/2015,citrus fruit
2253,12/16/2014,root vegetables
4486,11/9/2015,canned beer
4711,6/19/2014,other vegetables
1235,5/29/2015,shopping bags
4755,12/27/2015,canned beer
4054,5/6/2015,"rolls,buns"
1429,2/7/2015,whole milk
2058,4/2/2014,"rolls,buns"
3207,12/6/2014,bottled beer
3891,7/3/2015,"rolls,buns"
1598,3/2/2015,root vegetables
1079,10/7/2014,bottled water
3123,4/16/2014,bottled water
2695,1/7/2015,whole milk
4224,12/6/2015,pastry
3915,5/21/2015,other vegetables
4320,4/18/2015,canned beer
3365,10/25/2015,canned beer
1456,9/18/2015,root vegetables
3045,1/29/2014,other vegetables
3125,2/23/2014,pip fruit
4949,8/18/2015,"rolls,buns"
1661,11/8/2015,pip fruit
4744,10/28/2015,citrus fruit
2481,11/24/2015,"rolls,buns"
3164,9/30/2015,whole milk
4712,12/14/2014,other vegetables
4180,11/11/2015,whole milk
3832,7/17/2015,whole milk
2436,4/12/2015,other vegetables
2799,2/27/2015,bottled water
4489,5/24/2014,other vegetables
1466,5/24/2014,root vegetables
4947,9/14/2015,whole milk
4837,7/7/2014,other vegetables
2964,8/11/2015,tropical fruit
3516,9/9/2014,"whipped,sour cream"
4858,8/17/2014,whole milk
4300,4/4/2015,root vegetables
4334,1/29/2014,whole milk
1957,3/20/2014,root vegetables
4206,1/14/2014,"rolls,buns"
3964,1/30/2014,pastry
4788,9/9/2014,shopping bags
3408,11/5/2015,bottled water
2937,7/31/2015,whole milk
3713,12/17/2014,whole milk
3154,1/5/2015,shopping bags
2940,5/21/2015,root vegetables
3095,8/16/2015,bottled water
4018,2/28/2014,"whipped,sour cream"
3633,7/12/2014,shopping bags
2930,4/3/2014,other vegetables
3558,9/19/2015,pip fruit
4238,3/8/2015,pip fruit
4875,6/5/2014,pip fruit
1537,12/8/2014,other vegetables
3811,4/19/2014,pastry
3474,1/19/2014,"rolls,buns"
2919,1/14/2014,"rolls,buns"
1740,7/11/2014,canned beer
4357,4/13/2015,canned beer
2035,12/23/2015,whole milk
3297,5/21/2015,other vegetables
4611,3/8/2015,other vegetables
2365,8/14/2014,newspapers
4773,11/9/2015,"whipped,sour cream"
1133,3/21/2014,shopping bags
1181,11/16/2015,root vegetables
3884,10/12/2014,"rolls,buns"
4959,10/10/2014,"rolls,buns"
3761,9/26/2015,"rolls,buns"
4004,5/10/2015,sausage
4234,6/10/2014,whole milk
2924,11/14/2014,other vegetables
2728,11/28/2015,whole milk
1235,1/1/2015,sausage
3927,9/3/2015,pastry
4007,12/23/2015,citrus fruit
4710,2/17/2014,other vegetables
2769,4/23/2015,bottled water
1911,3/10/2014,tropical fruit
2346,8/5/2015,newspapers
1169,1/15/2014,"rolls,buns"
1520,6/3/2014,other vegetables
2341,12/22/2014,shopping bags
3379,1/21/2015,bottled water
4924,9/14/2015,"rolls,buns"
4917,4/21/2014,pip fruit
3643,9/20/2015,bottled beer
3923,1/27/2015,bottled beer
2093,12/24/2014,"whipped,sour cream"
3028,4/25/2014,whole milk
3241,1/8/2014,whole milk
2801,10/10/2014,bottled water
1990,3/7/2014,whole milk
3141,7/29/2015,whole milk
2363,10/25/2015,whole milk
1054,10/21/2015,other vegetables
3510,1/2/2015,whole milk
2560,11/26/2015,pip fruit
2023,3/31/2014,other vegetables
3960,10/21/2015,canned beer
2101,1/7/2015,root vegetables
2608,10/17/2014,pastry
2956,5/3/2014,"rolls,buns"
1225,2/26/2015,whole milk
1685,8/18/2015,whole milk
2059,3/15/2014,sausage
2413,12/13/2015,"rolls,buns"
3444,4/8/2014,shopping bags
3987,8/19/2015,root vegetables
1410,2/7/2014,other vegetables
3270,5/15/2015,whole milk
4034,8/29/2014,citrus fruit
2170,2/24/2014,root vegetables
4626,12/24/2015,root vegetables
3592,4/17/2014,root vegetables
2209,10/3/2015,other vegetables
3522,9/23/2015,whole milk
2028,10/26/2014,canned beer
4302,11/5/2015,"rolls,buns"
2984,2/24/2015,citrus fruit
1216,8/25/2015,pastry
3308,8/21/2014,shopping bags
4081,4/16/2014,newspapers
1672,2/5/2015,pip fruit
3072,1/26/2015,bottled water
3958,3/4/2015,"rolls,buns"
1061,3/17/2014,bottled beer
4977,8/20/2015,pip fruit
4547,9/7/2014,newspapers
4747,4/2/2014,pip fruit
1613,1/17/2014,pastry
3668,12/18/2015,root vegetables
2174,9/18/2014,"rolls,buns"
4216,11/17/2014,whole milk
4498,4/7/2015,pastry
4632,3/9/2015,whole milk
3020,12/8/2014,other vegetables
3306,7/21/2014,bottled beer
1427,11/26/2015,pip fruit
4726,3/1/2015,whole milk
4122,10/23/2015,whole milk
1461,12/21/2015,bottled water
4778,8/24/2015,citrus fruit
1365,5/20/2015,other vegetables
2068,8/22/2014,"rolls,buns"
1042,5/22/2015,citrus fruit
3915,9/24/2014,shopping bags
1897,9/12/2014,sausage
3765,4/1/2014,whole milk
4890,4/22/2015,other vegetables
3057,1/28/2014,pastry
3459,1/23/2015,whole milk
4690,3/6/2014,whole milk
3455,2/1/2015,canned beer
4322,11/14/2015,canned beer
1587,7/1/2015,bottled beer
2851,1/16/2014,"rolls,buns"
2779,10/17/2015,shopping bags
4349,1/29/2014,"rolls,buns"
2249,1/22/2015,tropical fruit
3663,6/16/2014,whole milk
1136,1/3/2015,tropical fruit
4804,8/10/2014,tropical fruit
2807,6/2/2014,newspapers
4330,6/22/2015,whole milk
1199,11/21/2015,whole milk
1845,8/7/2015,root vegetables
3704,12/3/2014,other vegetables
2602,12/11/2015,newspapers
3465,7/30/2015,other vegetables
1252,8/28/2014,other vegetables
2886,12/12/2014,tropical fruit
1980,10/15/2015,bottled water
3632,10/5/2014,newspapers
4820,5/1/2015,"rolls,buns"
4467,4/23/2015,newspapers
2239,11/23/2014,other vegetables
2543,5/27/2014,"whipped,sour cream"
2663,9/10/2015,pastry
3393,11/7/2015,whole milk
4582,6/22/2014,newspapers
1748,8/26/2014,bottled beer
2151,8/15/2014,pip fruit
3972,8/14/2014,pip fruit
1361,9/8/2015,whole milk
1383,8/25/2014,"rolls,buns"
2515,12/12/2014,bottled water
3531,3/18/2014,pastry
2813,10/1/2015,sausage
4286,6/6/2015,citrus fruit
3344,4/1/2015,whole milk
3048,8/20/2015,sausage
2214,1/19/2015,root vegetables
2435,10/30/2014,citrus fruit
1239,7/2/2015,"whipped,sour cream"
3948,6/15/2015,"rolls,buns"
4079,8/17/2015,whole milk
2563,12/29/2015,whole milk
3132,9/14/2014,bottled beer
2639,6/8/2014,bottled beer
3384,9/23/2014,"rolls,buns"
1603,9/7/2015,whole milk
4740,10/10/2014,"rolls,buns"
1459,7/18/2015,citrus fruit
2595,1/23/2015,"rolls,buns"
2087,4/9/2015,tropical fruit
3823,12/10/2014,whole milk
2419,8/22/2015,pastry
2794,9/29/2015,bottled beer
3146,2/7/2014,root vegetables
3548,6/15/2014,shopping bags
4610,4/19/2015,pip fruit
3562,12/17/2014,newspapers
4829,11/3/2015,tropical fruit
4273,3/21/2015,whole milk
1828,1/6/2014,"rolls,buns"
3051,5/25/2014,canned beer
1932,9/7/2015,pip fruit
4494,1/27/2014,root vegetables
2067,8/12/2015,root vegetables
4826,1/28/2015,tropical fruit
2616,10/24/2014,newspapers
2168,11/25/2015,"rolls,buns"
1308,1/11/2014,pastry
1784,9/26/2015,bottled water
3737,12/30/2014,whole milk
4990,12/14/2015,tropical fruit
2514,11/2/2015,"rolls,buns"
1737,1/23/2015,whole milk
1013,7/2/2015,whole milk
1042,5/22/2015,bottled water
3534,11/11/2015,sausage
1924,11/17/2015,root vegetables
3774,1/12/2015,"rolls,buns"
1092,7/27/2015,"rolls,buns"
1730,9/19/2015,other vegetables
3666,10/15/2014,whole milk
4937,4/10/2015,newspapers
1168,2/11/2015,whole milk
2394,11/22/2015,whole milk
4403,1/11/2014,pastry
3687,2/12/2015,whole milk
4305,6/23/2015,whole milk
1920,2/16/2015,whole milk
3101,9/2/2014,newspapers
3732,7/14/2014,shopping bags
1782,9/13/2015,tropical fruit
2688,11/22/2015,whole milk
1081,5/3/2015,tropical fruit
3168,12/16/2015,root vegetables
1364,7/31/2015,"whipped,sour cream"
2644,3/29/2014,sausage
4365,2/20/2015,whole milk
2129,3/4/2015,sausage
3414,10/23/2015,whole milk
2597,9/21/2014,whole milk
3845,9/19/2015,other vegetables
2885,7/25/2014,whole milk
2816,1/18/2014,citrus fruit
4548,7/30/2015,sausage
1480,12/22/2014,bottled water
1006,4/9/2014,whole milk
4753,11/8/2015,whole milk
1750,7/17/2014,root vegetables
2815,9/10/2015,root vegetables
1536,5/2/2015,whole milk
2072,11/28/2015,other vegetables
4068,12/11/2015,bottled beer
4132,3/2/2014,shopping bags
1289,5/9/2014,"rolls,buns"
4566,8/30/2015,"whipped,sour cream"
2910,12/4/2015,whole milk
3137,2/23/2014,root vegetables
2549,8/20/2014,other vegetables
3910,12/18/2015,other vegetables
1602,8/4/2015,whole milk
3898,8/21/2015,bottled beer
3444,1/7/2014,canned beer
1058,4/6/2015,bottled water
1451,8/28/2014,bottled water
1977,1/12/2015,canned beer
3411,11/30/2014,whole milk
4121,7/25/2014,other vegetables
3798,9/4/2015,"whipped,sour cream"
2475,1/26/2014,citrus fruit
2747,9/17/2014,whole milk
3486,1/27/2014,"whipped,sour cream"
3307,6/28/2015,other vegetables
1948,8/25/2015,whole milk
3041,2/18/2014,shopping bags
2577,10/25/2015,sausage
3089,2/16/2015,citrus fruit
4063,11/12/2015,pastry
4015,3/27/2015,citrus fruit
1422,5/31/2015,"rolls,buns"
4488,12/16/2014,other vegetables
3996,8/31/2015,other vegetables
4170,1/8/2015,"rolls,buns"
2944,2/1/2015,tropical fruit
1161,3/14/2015,other vegetables
4098,1/9/2015,pip fruit
3842,10/14/2015,whole milk
4975,1/6/2014,canned beer
3635,12/13/2015,pastry
4003,12/23/2015,citrus fruit
3035,5/9/2015,pastry
3862,11/18/2015,"rolls,buns"
4726,4/1/2014,"rolls,buns"
4324,1/5/2015,whole milk
2018,1/4/2015,"rolls,buns"
2070,3/24/2015,citrus fruit
2227,6/20/2015,whole milk
1526,7/21/2014,shopping bags
3937,4/25/2015,citrus fruit
1529,5/29/2014,bottled water
4323,10/11/2015,tropical fruit
3676,6/9/2014,other vegetables
1736,9/30/2014,root vegetables
4950,8/30/2014,other vegetables
1321,4/13/2015,bottled beer
2443,11/15/2015,sausage
1133,8/3/2014,pastry
2591,12/10/2014,root vegetables
4127,4/11/2015,canned beer
1535,6/8/2014,whole milk
1038,2/21/2015,whole milk
3051,11/29/2015,"rolls,buns"
4694,7/29/2015,whole milk
3744,11/6/2015,canned beer
2625,7/21/2014,whole milk
2568,9/22/2015,pip fruit
2349,2/26/2015,sausage
4312,7/19/2014,pip fruit
4155,7/19/2014,bottled water
2055,5/31/2014,"rolls,buns"
4294,3/2/2015,bottled beer
1595,4/11/2015,pip fruit
4190,9/23/2015,citrus fruit
3308,4/9/2014,whole milk
4261,6/13/2014,"rolls,buns"
2595,1/23/2015,sausage
1124,3/5/2014,bottled beer
4793,12/14/2014,pastry
1618,5/14/2014,root vegetables
1814,7/25/2014,whole milk
1349,5/10/2015,shopping bags
4061,5/3/2014,canned beer
3589,3/4/2014,other vegetables
3642,2/24/2015,"rolls,buns"
2321,6/16/2015,"rolls,buns"
1233,6/9/2014,"whipped,sour cream"
2447,5/17/2014,"rolls,buns"
4406,2/1/2015,whole milk
3276,4/3/2015,sausage
3322,4/25/2015,citrus fruit
4132,9/20/2014,other vegetables
2229,10/7/2014,pip fruit
4771,12/26/2014,newspapers
2184,5/19/2014,shopping bags
1057,6/8/2014,tropical fruit
2194,1/11/2015,pip fruit
3838,8/5/2014,"whipped,sour cream"
1073,6/8/2015,pip fruit
4583,6/6/2014,other vegetables
3488,12/21/2015,other vegetables
3842,10/14/2015,other vegetables
2202,8/7/2015,newspapers
3578,5/16/2015,citrus fruit
1753,2/26/2015,other vegetables
3242,5/23/2015,whole milk
4223,6/15/2014,newspapers
3082,2/20/2015,canned beer
1399,2/6/2014,other vegetables
2796,10/17/2015,other vegetables
3087,2/21/2014,citrus fruit
3508,6/30/2014,citrus fruit
2897,4/26/2014,whole milk
3130,5/2/2015,bottled water
3851,8/3/2014,other vegetables
3570,9/14/2014,other vegetables
4868,2/10/2014,root vegetables
2468,3/13/2015,whole milk
4675,9/14/2015,other vegetables
2343,8/19/2014,canned beer
2001,3/3/2015,citrus fruit
2043,3/7/2015,bottled water
4653,9/5/2014,"rolls,buns"
3368,8/21/2014,"rolls,buns"
1694,10/1/2014,"rolls,buns"
1174,1/26/2015,pip fruit
1230,11/19/2015,pastry
3956,1/1/2014,shopping bags
2814,5/11/2015,root vegetables
2570,7/29/2014,bottled water
4854,12/23/2014,bottled beer
1564,10/23/2015,sausage
1363,6/16/2015,whole milk
3507,7/22/2015,other vegetables
4018,10/30/2014,bottled water
1949,7/22/2015,canned beer
2592,3/20/2015,"rolls,buns"
2861,10/25/2014,whole milk
3481,5/30/2014,other vegetables
2882,6/25/2015,citrus fruit
4269,6/29/2014,"whipped,sour cream"
4393,2/5/2014,whole milk
4522,10/4/2014,canned beer
3404,12/7/2015,whole milk
4341,3/29/2014,other vegetables
3414,5/22/2014,"whipped,sour cream"
2009,12/11/2014,"rolls,buns"
4335,1/5/2015,other vegetables
3741,11/21/2015,"rolls,buns"
3903,4/23/2014,"rolls,buns"
1905,7/7/2015,other vegetables
1921,8/17/2014,tropical fruit
3877,1/11/2015,"whipped,sour cream"
1627,2/11/2015,root vegetables
1110,11/20/2015,whole milk
4308,12/5/2015,pastry
1142,12/10/2014,"rolls,buns"
4299,2/8/2015,whole milk
1768,9/4/2015,sausage
1054,9/2/2015,bottled beer
3154,1/5/2015,"rolls,buns"
2077,5/7/2015,bottled water
3839,6/21/2014,whole milk
4453,3/20/2014,pip fruit
1110,10/13/2014,bottled water
3456,4/22/2015,other vegetables
3289,5/2/2015,"whipped,sour cream"
2738,4/11/2015,"rolls,buns"
3483,10/28/2015,pip fruit
4828,10/11/2015,canned beer
3654,6/17/2014,newspapers
1116,1/29/2015,other vegetables
2694,11/24/2015,shopping bags
1799,9/27/2015,whole milk
3608,11/27/2015,"rolls,buns"
2447,4/14/2014,other vegetables
3614,4/13/2014,other vegetables
3919,10/7/2015,"whipped,sour cream"
2978,11/25/2015,pip fruit
2021,1/12/2015,whole milk
3203,4/4/2014,pastry
2054,8/6/2014,shopping bags
1176,9/4/2014,whole milk
2663,10/21/2015,whole milk
3313,11/23/2014,whole milk
3207,11/26/2015,bottled beer
1798,10/6/2014,bottled beer
2792,7/29/2015,whole milk
3280,7/13/2015,whole milk
3590,2/27/2015,shopping bags
2175,11/2/2014,"whipped,sour cream"
3118,11/7/2014,other vegetables
1123,1/31/2015,"rolls,buns"
2394,10/18/2014,sausage
4723,5/22/2015,pastry
2781,6/1/2015,other vegetables
1081,3/6/2015,newspapers
2877,4/10/2015,root vegetables
2421,8/5/2014,shopping bags
1379,6/4/2014,whole milk
2680,11/23/2014,"rolls,buns"
3364,9/14/2015,citrus fruit
2648,7/10/2015,root vegetables
4470,12/23/2015,"whipped,sour cream"
2849,2/11/2014,newspapers
4457,9/3/2015,"rolls,buns"
3564,6/27/2015,newspapers
4206,1/14/2014,"rolls,buns"
3225,6/12/2015,other vegetables
2694,5/9/2014,pastry
2221,12/16/2015,shopping bags
2089,10/15/2015,whole milk
2689,1/11/2015,whole milk
4003,11/21/2015,root vegetables
1223,9/5/2014,citrus fruit
2171,9/3/2015,whole milk
4320,4/18/2015,canned beer
3358,2/21/2015,whole milk
1293,8/16/2014,canned beer
3289,1/24/2014,other vegetables
2910,12/4/2015,whole milk
1998,5/15/2015,whole milk
4129,10/23/2014,root vegetables
3180,11/9/2014,whole milk
3553,6/3/2014,pip fruit
3963,2/21/2015,other vegetables
4742,6/22/2015,pastry
3930,5/31/2014,pastry
4555,11/7/2015,canned beer
2142,5/23/2014,bottled water
4223,6/15/2014,whole milk
3674,8/13/2015,canned beer
1554,5/21/2015,tropical fruit
4740,10/2/2015,bottled water
1277,3/2/2015,shopping bags
1064,7/25/2015,root vegetables
1005,1/23/2014,"whipped,sour cream"
3575,5/8/2015,whole milk
1245,10/8/2015,tropical fruit
4207,10/21/2014,whole milk
1819,9/9/2015,root vegetables
4900,10/1/2014,whole milk
3480,5/7/2015,other vegetables
3042,12/27/2015,root vegetables
4267,9/13/2015,whole milk
4560,7/1/2015,bottled beer
2719,4/10/2015,whole milk
1909,1/10/2015,sausage
2542,11/24/2015,whole milk
1302,11/22/2014,bottled water
3355,12/2/2015,other vegetables
3642,4/15/2014,tropical fruit
1352,3/3/2014,tropical fruit
4586,9/26/2014,newspapers
1002,4/26/2015,tropical fruit
4734,7/12/2015,"rolls,buns"
1361,12/13/2014,"rolls,buns"
3193,4/18/2014,whole milk
4364,9/5/2015,sausage
2365,6/21/2015,pip fruit
1983,7/21/2014,whole milk
3680,2/22/2014,shopping bags
3547,11/28/2015,bottled water
1222,8/7/2015,canned beer
1877,6/22/2014,bottled water
3483,3/20/2015,sausage
4403,6/24/2014,other vegetables
3531,8/29/2015,sausage
2736,5/13/2014,tropical fruit
2842,7/29/2015,sausage
2014,12/19/2014,pip fruit
4648,10/8/2015,whole milk
1567,4/11/2015,bottled water
1493,1/28/2014,root vegetables
3581,4/12/2015,"rolls,buns"
2633,2/14/2015,root vegetables
2113,9/7/2015,sausage
3082,7/22/2014,whole milk
2048,2/24/2014,pip fruit
2950,4/28/2014,whole milk
4124,9/9/2015,shopping bags
1622,6/24/2014,whole milk
1992,8/28/2015,"rolls,buns"
1281,2/11/2015,tropical fruit
1777,4/22/2015,whole milk
3637,11/25/2015,root vegetables
4881,7/28/2015,shopping bags
3215,1/31/2015,tropical fruit
4831,2/19/2015,"rolls,buns"
1044,2/9/2015,tropical fruit
4914,3/14/2015,whole milk
4190,12/7/2014,shopping bags
4628,5/1/2014,whole milk
1350,9/3/2014,whole milk
2053,9/21/2015,citrus fruit
3327,7/16/2014,"rolls,buns"
3022,4/24/2014,whole milk
1972,5/2/2014,"whipped,sour cream"
1734,6/8/2015,tropical fruit
3082,7/7/2014,pip fruit
2234,2/27/2015,sausage
2159,10/8/2014,shopping bags
1905,2/21/2015,sausage
3161,10/9/2014,whole milk
3246,12/25/2014,root vegetables
2344,4/14/2015,"whipped,sour cream"
3603,11/4/2014,whole milk
3036,7/12/2015,sausage
4110,12/3/2014,bottled beer
3315,9/25/2014,canned beer
2120,1/26/2015,whole milk
2318,12/10/2014,"whipped,sour cream"
3086,1/2/2015,pip fruit
2271,8/7/2014,root vegetables
3115,10/29/2014,citrus fruit
2128,6/20/2015,citrus fruit
3213,5/7/2014,"whipped,sour cream"
1185,8/14/2014,whole milk
4484,4/23/2014,shopping bags
4576,8/5/2015,root vegetables
3528,8/18/2015,pastry
1050,10/12/2014,other vegetables
2789,2/6/2015,pastry
3358,2/21/2015,"whipped,sour cream"
2348,7/23/2014,shopping bags
3438,12/27/2015,root vegetables
4270,2/8/2015,bottled water
3165,8/18/2015,other vegetables
1872,4/5/2015,whole milk
1062,4/16/2015,tropical fruit
3001,11/14/2015,bottled water
2623,11/22/2014,whole milk
3821,1/3/2015,pastry
3307,3/3/2015,other vegetables
4242,3/30/2015,bottled water
1609,12/21/2014,other vegetables
1037,12/16/2015,canned beer
1630,10/22/2014,"rolls,buns"
3338,11/18/2014,other vegetables
2070,8/16/2015,pip fruit
1444,12/16/2015,other vegetables
4271,6/11/2014,"whipped,sour cream"
1277,10/23/2015,"whipped,sour cream"
4807,4/3/2014,bottled beer
4215,4/10/2014,newspapers
3760,3/7/2014,other vegetables
4391,3/26/2015,tropical fruit
4079,9/20/2015,whole milk
2514,11/2/2015,tropical fruit
1289,11/8/2015,canned beer
2870,12/14/2014,whole milk
3112,11/16/2014,whole milk
3768,10/7/2015,tropical fruit
4827,1/27/2015,bottled water
4139,3/25/2014,bottled water
2149,7/13/2014,whole milk
2960,8/31/2015,whole milk
2930,3/23/2015,pastry
4361,2/18/2015,bottled water
1534,7/2/2014,other vegetables
4464,10/21/2015,sausage
2980,11/27/2014,whole milk
2867,5/9/2014,other vegetables
3063,10/28/2015,"whipped,sour cream"
1993,7/8/2015,root vegetables
3519,1/28/2015,whole milk
2678,4/4/2015,"whipped,sour cream"
3793,9/7/2014,other vegetables
1615,1/25/2015,sausage
1731,8/17/2015,whole milk
2026,1/7/2014,other vegetables
1838,3/25/2015,tropical fruit
1003,2/27/2014,"rolls,buns"
2581,8/2/2014,canned beer
4281,10/18/2015,shopping bags
1170,10/9/2015,"whipped,sour cream"
1366,5/30/2015,whole milk
3531,7/10/2014,whole milk
1016,10/5/2015,bottled beer
3423,3/15/2014,bottled water
1524,2/6/2014,"whipped,sour cream"
1901,11/29/2015,newspapers
4045,12/22/2015,bottled water
3560,9/27/2015,bottled beer
2077,5/15/2015,citrus fruit
2612,2/1/2015,tropical fruit
4340,8/24/2014,other vegetables
3060,7/5/2015,whole milk
2321,6/16/2015,tropical fruit
2730,11/10/2015,root vegetables
4799,4/17/2014,"rolls,buns"
2666,4/6/2015,sausage
1050,10/10/2014,"whipped,sour cream"
1493,5/22/2015,"whipped,sour cream"
3095,8/17/2014,root vegetables
3251,10/20/2014,shopping bags
4473,6/26/2015,tropical fruit
3094,6/26/2014,bottled water
3096,7/7/2015,root vegetables
4139,3/25/2014,citrus fruit
3353,4/13/2015,sausage
4028,7/8/2015,other vegetables
1218,5/8/2014,citrus fruit
2251,2/27/2015,bottled beer
2261,7/25/2014,citrus fruit
4046,3/31/2014,shopping bags
3511,6/4/2014,bottled beer
3750,5/17/2015,pastry
2948,4/11/2014,whole milk
2963,5/27/2014,citrus fruit
1810,10/13/2014,newspapers
1354,11/29/2015,canned beer
1985,6/6/2014,bottled water
4902,11/21/2014,"rolls,buns"
2930,4/25/2014,other vegetables
4704,8/21/2015,tropical fruit
1073,6/5/2014,bottled water
1731,8/17/2015,whole milk
2715,1/8/2015,"rolls,buns"
2563,1/6/2015,bottled beer
1887,10/18/2014,bottled water
4585,5/18/2014,shopping bags
1384,3/23/2015,other vegetables
1886,12/2/2015,canned beer
1719,11/14/2014,whole milk
2756,7/31/2015,sausage
4695,10/13/2015,tropical fruit
3593,9/10/2015,other vegetables
3154,12/4/2014,bottled water
3597,7/7/2015,sausage
3633,7/14/2015,"rolls,buns"
2702,9/8/2014,pastry
1331,4/6/2014,tropical fruit
3851,8/3/2014,other vegetables
1483,6/27/2015,"rolls,buns"
2825,12/29/2015,sausage
1972,5/2/2014,bottled beer
3172,3/24/2014,bottled water
4637,12/8/2014,bottled water
3452,5/15/2015,pastry
3086,4/14/2014,"rolls,buns"
3450,12/24/2015,pip fruit
3907,6/24/2015,"whipped,sour cream"
4971,11/7/2014,sausage
4171,1/7/2014,whole milk
1511,3/22/2015,shopping bags
1246,5/2/2014,canned beer
1566,6/28/2014,other vegetables
2657,4/1/2015,bottled water
4180,4/21/2014,shopping bags
3405,4/13/2015,pip fruit
1503,8/17/2015,bottled beer
2386,1/3/2015,newspapers
3534,1/8/2014,citrus fruit
2814,6/10/2014,newspapers
2900,3/5/2014,bottled beer
4477,10/14/2014,other vegetables
2476,2/25/2015,pip fruit
3778,4/27/2014,pip fruit
1717,11/9/2015,"rolls,buns"
4889,2/3/2015,bottled water
3640,1/26/2015,whole milk
2017,9/23/2014,"whipped,sour cream"
4712,3/19/2014,whole milk
3745,8/26/2015,sausage
4222,8/20/2015,newspapers
4342,10/27/2014,other vegetables
1968,10/3/2015,citrus fruit
3997,11/22/2014,whole milk
2068,4/7/2015,sausage
3482,7/30/2014,root vegetables
3885,4/13/2015,"rolls,buns"
3066,12/6/2015,pastry
4324,1/5/2015,sausage
2053,9/21/2015,"rolls,buns"
4762,10/30/2015,"rolls,buns"
1835,10/9/2014,tropical fruit
2479,11/18/2014,whole milk
3189,2/3/2015,root vegetables
4665,12/3/2014,whole milk
3854,3/19/2015,shopping bags
2675,9/15/2015,"rolls,buns"
3668,10/22/2015,whole milk
1722,11/13/2014,canned beer
1866,2/13/2015,sausage
1751,2/15/2014,whole milk
4695,9/9/2015,canned beer
4113,3/13/2014,other vegetables
3913,4/11/2014,tropical fruit
4136,8/11/2015,root vegetables
4176,9/25/2014,whole milk
3497,9/24/2015,"whipped,sour cream"
4091,6/6/2014,bottled beer
3957,9/1/2014,newspapers
3025,4/21/2015,citrus fruit
4098,2/16/2014,other vegetables
4185,11/20/2014,"rolls,buns"
2870,2/25/2015,pastry
3312,7/29/2015,whole milk
4161,5/3/2015,tropical fruit
4547,1/18/2015,whole milk
1136,11/3/2015,tropical fruit
1606,1/12/2014,canned beer
2421,2/13/2014,pastry
1265,9/29/2015,tropical fruit
2723,10/27/2014,citrus fruit
3529,6/29/2014,pastry
1905,7/31/2015,whole milk
1644,2/28/2014,citrus fruit
2088,2/9/2015,pastry
2719,2/16/2014,"rolls,buns"
3484,7/4/2014,newspapers
1891,7/5/2014,whole milk
2365,6/21/2015,sausage
3355,12/2/2015,newspapers
2745,4/8/2015,"rolls,buns"
2794,9/12/2015,whole milk
1971,9/18/2015,bottled water
2618,12/3/2015,newspapers
3614,3/2/2015,citrus fruit
3267,3/27/2014,other vegetables
4232,12/19/2015,canned beer
2895,8/14/2015,whole milk
3999,11/16/2015,"rolls,buns"
3414,2/5/2015,bottled beer
2937,8/2/2014,"rolls,buns"
3238,7/3/2014,root vegetables
1404,5/3/2015,bottled water
3244,7/28/2014,"rolls,buns"
4877,5/19/2014,bottled beer
1358,12/15/2014,"whipped,sour cream"
2805,8/17/2015,canned beer
4224,8/30/2014,pastry
4763,9/29/2014,other vegetables
4536,2/24/2015,citrus fruit
3910,12/18/2015,"rolls,buns"
4574,11/22/2014,bottled beer
1127,4/5/2014,citrus fruit
4678,12/17/2015,shopping bags
2102,12/4/2014,root vegetables
4900,10/1/2014,root vegetables
3592,12/14/2015,pip fruit
1544,5/1/2014,other vegetables
2108,10/1/2015,tropical fruit
1672,1/26/2014,sausage
4959,10/18/2014,"rolls,buns"
4828,10/11/2015,"rolls,buns"
1424,4/4/2014,other vegetables
2419,4/7/2015,pip fruit
2512,12/19/2014,shopping bags
1130,9/18/2015,root vegetables
2065,1/22/2015,pip fruit
2556,8/28/2015,newspapers
1115,8/3/2014,other vegetables
2610,10/21/2015,pastry
1466,8/23/2014,bottled water
1793,7/3/2015,newspapers
2879,7/23/2015,"whipped,sour cream"
1065,11/13/2015,tropical fruit
3189,10/28/2014,"rolls,buns"
4439,8/21/2015,"rolls,buns"
4196,7/9/2015,"rolls,buns"
3139,6/26/2014,other vegetables
1719,11/14/2014,bottled water
1389,11/13/2014,root vegetables
1918,9/29/2015,tropical fruit
3476,6/28/2015,"whipped,sour cream"
3821,1/3/2015,newspapers
1731,9/9/2015,bottled beer
3691,8/8/2015,newspapers
1863,11/24/2014,newspapers
1035,9/8/2015,newspapers
4743,1/24/2015,sausage
3502,7/12/2014,whole milk
2777,4/7/2015,whole milk
2483,10/28/2015,citrus fruit
1729,8/28/2015,whole milk
3042,12/27/2015,whole milk
2595,1/23/2015,pastry
1276,4/28/2015,"rolls,buns"
2772,3/18/2015,shopping bags
4230,3/15/2015,root vegetables
4963,3/3/2014,tropical fruit
4084,11/28/2014,other vegetables
2536,11/7/2015,pastry
2518,7/3/2015,"rolls,buns"
4130,11/6/2015,root vegetables
2796,9/21/2014,"rolls,buns"
1006,6/14/2015,"rolls,buns"
2437,10/9/2014,root vegetables
4780,6/9/2015,citrus fruit
4470,3/31/2015,canned beer
4555,11/7/2015,whole milk
2093,6/12/2015,"rolls,buns"
1189,2/23/2014,tropical fruit
2230,5/28/2015,other vegetables
2872,9/19/2015,shopping bags
4718,6/12/2015,other vegetables
1157,10/4/2014,tropical fruit
4833,4/27/2014,whole milk
2707,3/18/2014,whole milk
1580,9/11/2014,canned beer
3536,4/4/2014,whole milk
4431,8/21/2015,whole milk
3315,9/12/2015,whole milk
1427,11/26/2015,other vegetables
2401,2/28/2014,other vegetables
1669,8/19/2015,root vegetables
1405,5/14/2014,other vegetables
4835,3/28/2014,root vegetables
1114,3/12/2015,shopping bags
1006,7/5/2014,bottled water
2550,7/12/2014,tropical fruit
1997,6/6/2015,bottled water
2629,7/9/2014,whole milk
1452,5/21/2015,whole milk
3393,7/2/2014,whole milk
1924,5/20/2014,other vegetables
2422,8/12/2015,other vegetables
2309,4/17/2014,newspapers
3217,10/4/2014,whole milk
1751,9/4/2014,"whipped,sour cream"
3788,2/16/2015,tropical fruit
1859,2/4/2014,root vegetables
2914,4/1/2015,"rolls,buns"
4284,10/14/2015,pip fruit
1907,7/19/2015,newspapers
4260,5/30/2015,canned beer
1733,3/18/2015,whole milk
2861,4/15/2014,whole milk
1419,4/7/2015,root vegetables
2952,11/25/2015,shopping bags
4302,8/3/2015,tropical fruit
1732,4/3/2014,canned beer
2368,11/11/2015,other vegetables
2485,5/18/2015,other vegetables
4721,6/16/2014,other vegetables
3640,10/8/2015,pastry
1721,10/15/2015,whole milk
3905,4/4/2014,whole milk
3719,10/3/2014,"rolls,buns"
2334,3/2/2014,root vegetables
4431,3/16/2014,whole milk
1001,2/7/2014,"rolls,buns"
4852,6/17/2015,whole milk
3600,7/30/2015,pip fruit
3896,4/2/2014,pip fruit
4280,6/26/2014,bottled water
4942,8/6/2015,sausage
4015,5/2/2014,"rolls,buns"
1846,11/29/2015,bottled water
3011,4/2/2014,"rolls,buns"
3148,3/28/2015,bottled beer
1571,5/24/2015,bottled beer
2964,8/11/2015,whole milk
2471,8/13/2015,"rolls,buns"
1943,9/30/2015,whole milk
1299,11/20/2014,canned beer
2471,8/12/2014,other vegetables
2290,9/10/2015,pip fruit
2486,11/25/2015,sausage
3782,9/16/2014,newspapers
3058,7/27/2015,sausage
4510,3/26/2015,pastry
4066,8/7/2014,citrus fruit
4150,8/23/2015,pastry
4624,11/27/2015,shopping bags
2920,12/3/2014,bottled beer
1404,9/28/2014,"rolls,buns"
4101,11/27/2014,"rolls,buns"
3042,10/5/2015,other vegetables
4550,11/9/2015,root vegetables
4533,10/17/2014,root vegetables
4788,2/17/2014,other vegetables
3688,10/23/2015,sausage
2653,6/6/2014,newspapers
3150,7/13/2014,whole milk
2273,10/26/2015,bottled beer
1086,12/10/2014,"whipped,sour cream"
2323,12/27/2014,whole milk
3635,2/26/2015,bottled beer
4211,4/3/2014,bottled beer
1319,8/18/2015,pip fruit
2411,4/21/2014,whole milk
3248,6/19/2015,citrus fruit
3776,2/21/2014,shopping bags
2643,12/12/2014,"rolls,buns"
1017,9/30/2015,shopping bags
1883,11/5/2015,whole milk
2424,6/24/2014,other vegetables
4706,8/7/2015,whole milk
3327,10/13/2014,other vegetables
1805,5/2/2014,newspapers
4780,4/5/2015,other vegetables
3848,1/16/2014,root vegetables
1275,2/17/2015,sausage
4045,7/30/2014,"whipped,sour cream"
3640,10/8/2015,bottled water
1340,2/24/2015,"rolls,buns"
2971,7/12/2014,"rolls,buns"
3120,6/12/2015,sausage
2562,7/13/2014,other vegetables
3213,12/19/2014,"rolls,buns"
2413,6/26/2015,bottled water
4207,7/8/2015,"rolls,buns"
2129,2/19/2014,bottled water
1861,8/12/2015,citrus fruit
4410,11/24/2014,whole milk
1282,10/24/2014,other vegetables
1522,6/16/2014,tropical fruit
2638,1/6/2014,root vegetables
2238,3/20/2015,pip fruit
3746,8/17/2015,pip fruit
1875,5/22/2015,bottled water
1384,3/23/2015,bottled beer
2306,12/13/2014,whole milk
1405,2/28/2015,whole milk
4574,10/3/2015,pastry
4525,9/28/2015,whole milk
1101,12/28/2014,"whipped,sour cream"
2455,1/4/2015,sausage
2055,7/7/2015,other vegetables
4347,3/7/2015,root vegetables
2813,12/20/2014,other vegetables
1585,1/7/2015,other vegetables
4338,8/27/2015,tropical fruit
1796,8/15/2015,other vegetables
4297,8/29/2014,whole milk
4120,1/17/2015,sausage
4818,3/20/2015,other vegetables
4626,3/23/2014,canned beer
3066,5/5/2015,bottled water
1768,9/4/2015,root vegetables
1533,11/7/2015,other vegetables
3486,12/23/2015,pip fruit
1767,4/18/2015,"rolls,buns"
1353,6/25/2014,root vegetables
3273,9/26/2015,citrus fruit
1593,1/31/2015,other vegetables
4211,9/16/2014,pastry
1852,3/4/2014,canned beer
2571,5/2/2015,tropical fruit
2351,1/1/2014,shopping bags
2261,1/21/2014,tropical fruit
3405,4/3/2015,other vegetables
1062,11/7/2014,"whipped,sour cream"
4769,8/20/2014,"whipped,sour cream"
1852,1/4/2014,tropical fruit
2257,2/5/2015,whole milk
3118,3/27/2015,citrus fruit
2553,6/21/2015,pip fruit
2443,6/20/2015,pip fruit
3034,10/6/2014,sausage
4623,1/9/2014,newspapers
1408,7/23/2015,root vegetables
2882,12/12/2014,other vegetables
3583,3/21/2014,other vegetables
2284,3/18/2015,"rolls,buns"
2092,9/4/2015,"rolls,buns"
4157,1/4/2015,root vegetables
2462,3/25/2015,bottled beer
2937,6/20/2015,whole milk
2001,3/3/2015,whole milk
2013,8/30/2015,"rolls,buns"
2056,11/24/2015,newspapers
4564,7/6/2014,shopping bags
3090,11/22/2014,tropical fruit
3115,7/18/2014,shopping bags
3296,6/27/2015,other vegetables
1932,5/12/2015,whole milk
3364,7/14/2014,other vegetables
2094,3/24/2014,bottled water
4199,4/5/2014,root vegetables
3030,11/19/2014,"rolls,buns"
4930,8/13/2014,other vegetables
4518,8/31/2014,other vegetables
4315,4/19/2014,"rolls,buns"
4790,5/16/2015,bottled beer
1287,8/28/2015,"whipped,sour cream"
2262,9/10/2014,whole milk
1758,2/26/2015,bottled water
1726,3/14/2014,bottled beer
1825,10/6/2015,other vegetables
4694,3/21/2014,shopping bags
2233,10/29/2014,pastry
1404,1/26/2014,whole milk
3144,8/16/2015,tropical fruit
1098,7/19/2014,tropical fruit
3410,1/16/2015,whole milk
2127,11/19/2014,pip fruit
2514,1/3/2014,whole milk
3518,2/6/2014,other vegetables
2808,1/23/2014,other vegetables
4606,3/30/2015,pastry
2645,6/26/2015,newspapers
3764,1/22/2014,other vegetables
4212,5/12/2014,"rolls,buns"
1445,1/23/2014,"rolls,buns"
4618,2/28/2014,newspapers
3581,1/16/2015,tropical fruit
4214,3/20/2015,root vegetables
3134,6/7/2015,other vegetables
3128,4/20/2015,"whipped,sour cream"
1416,3/4/2014,canned beer
3967,2/20/2014,other vegetables
3152,11/24/2015,whole milk
1482,7/6/2015,whole milk
1366,2/19/2014,canned beer
1126,5/17/2015,root vegetables
1708,7/9/2014,whole milk
1340,11/18/2015,"whipped,sour cream"
2584,11/30/2014,other vegetables
1767,10/24/2015,other vegetables
4228,3/26/2015,bottled water
4139,11/26/2015,"rolls,buns"
3247,1/13/2015,"rolls,buns"
3795,1/17/2015,bottled beer
3834,5/18/2014,"rolls,buns"
3603,1/30/2015,tropical fruit
4007,12/9/2014,bottled beer
3361,6/28/2015,other vegetables
2577,3/8/2014,root vegetables
1276,8/28/2015,whole milk
4603,11/17/2014,newspapers
1993,5/22/2015,root vegetables
1104,1/4/2015,other vegetables
4766,9/29/2015,"rolls,buns"
2394,2/17/2015,sausage
2650,5/11/2015,tropical fruit
2916,6/13/2015,whole milk
3709,9/8/2015,pastry
2481,8/7/2014,tropical fruit
4531,10/11/2014,pastry
1344,9/4/2015,bottled water
1913,8/18/2015,pip fruit
3482,7/30/2014,pastry
2206,6/24/2014,canned beer
4113,3/14/2014,root vegetables
4261,2/8/2014,pip fruit
4255,8/15/2015,newspapers
1599,8/21/2014,sausage
4589,10/8/2015,sausage
2270,8/11/2015,whole milk
3672,9/30/2014,root vegetables
2321,2/6/2014,pip fruit
2034,6/28/2014,shopping bags
1248,8/14/2014,pip fruit
2781,7/10/2014,whole milk
4852,6/17/2015,pastry
3430,1/26/2015,"rolls,buns"
2002,10/20/2015,root vegetables
3036,9/18/2015,whole milk
2604,9/20/2015,bottled water
1450,5/20/2014,canned beer
3269,10/7/2015,whole milk
1006,7/11/2014,shopping bags
1663,2/7/2015,"rolls,buns"
3293,5/9/2015,bottled beer
2300,9/19/2015,other vegetables
1599,8/21/2014,"rolls,buns"
3487,1/9/2014,"rolls,buns"
4493,10/29/2015,other vegetables
4297,10/27/2015,citrus fruit
3054,2/17/2015,bottled beer
3590,10/31/2014,bottled beer
4572,10/30/2014,"rolls,buns"
2100,9/19/2015,tropical fruit
4645,7/25/2015,whole milk
4675,10/31/2015,pastry
4334,1/29/2014,bottled beer
4572,10/29/2015,sausage
2918,10/11/2015,bottled beer
1444,12/29/2015,other vegetables
3869,8/12/2014,canned beer
1822,3/4/2014,bottled beer
4550,3/26/2015,other vegetables
1032,6/15/2015,other vegetables
1900,2/17/2014,pip fruit
3879,8/3/2014,whole milk
2439,6/6/2014,bottled beer
3010,2/14/2014,other vegetables
1995,6/12/2015,shopping bags
2835,7/23/2014,whole milk
4104,9/4/2014,other vegetables
4442,4/8/2014,pastry
2689,4/30/2015,root vegetables
2888,12/20/2015,other vegetables
2380,6/1/2015,whole milk
2832,5/30/2014,bottled water
3982,10/30/2014,pip fruit
4954,7/18/2014,root vegetables
2712,6/21/2015,whole milk
1854,9/30/2014,newspapers
3285,7/12/2015,sausage
4989,6/3/2015,pip fruit
2601,3/26/2015,"rolls,buns"
2900,4/11/2015,canned beer
3450,10/3/2015,tropical fruit
2737,12/26/2014,other vegetables
3856,3/6/2015,sausage
3782,9/21/2014,shopping bags
2563,8/3/2015,pip fruit
1105,5/22/2015,tropical fruit
3811,3/23/2014,canned beer
3285,10/21/2014,tropical fruit
1928,8/15/2015,citrus fruit
3600,8/17/2015,canned beer
1295,3/13/2014,other vegetables
4039,12/27/2015,bottled water
4608,1/5/2015,canned beer
1928,9/17/2015,canned beer
4616,1/31/2014,pastry
4012,5/16/2015,whole milk
4692,10/27/2015,root vegetables
2552,1/5/2015,tropical fruit
4733,1/19/2015,bottled beer
2480,3/1/2014,other vegetables
4234,10/27/2014,pip fruit
4855,6/16/2014,"whipped,sour cream"
2615,1/19/2014,bottled water
1127,1/14/2015,shopping bags
2325,2/27/2014,pastry
4313,7/28/2015,shopping bags
3498,3/31/2015,root vegetables
3893,4/15/2015,root vegetables
3790,7/26/2015,sausage
2142,6/25/2015,"rolls,buns"
4005,5/13/2014,newspapers
3399,7/19/2015,sausage
2348,9/8/2015,newspapers
2538,3/1/2014,pastry
1299,6/3/2015,bottled beer
1655,1/12/2014,"rolls,buns"
1046,6/18/2015,whole milk
2420,3/8/2015,shopping bags
1817,11/2/2014,whole milk
4823,4/6/2014,root vegetables
3486,11/8/2015,citrus fruit
2805,8/17/2015,"rolls,buns"
3727,7/13/2014,whole milk
4499,5/6/2015,shopping bags
1014,10/3/2015,bottled beer
3593,8/31/2015,canned beer
3470,10/4/2015,bottled beer
2056,5/21/2014,whole milk
4147,4/18/2015,canned beer
4744,1/31/2014,other vegetables
1417,8/27/2014,other vegetables
4804,12/27/2015,"rolls,buns"
4620,3/11/2015,whole milk
3579,8/17/2015,other vegetables
1055,5/25/2015,bottled water
4291,12/8/2015,root vegetables
3495,2/1/2015,canned beer
2578,1/25/2015,bottled beer
2723,10/27/2014,"rolls,buns"
3887,9/24/2014,bottled water
3273,3/15/2015,"whipped,sour cream"
2632,3/8/2014,"rolls,buns"
2453,6/6/2014,root vegetables
3756,7/11/2015,sausage
3728,6/17/2014,other vegetables
1108,7/30/2015,shopping bags
4129,11/10/2014,shopping bags
2996,1/8/2015,other vegetables
4025,11/4/2015,pip fruit
1935,4/24/2014,other vegetables
3801,8/25/2014,"rolls,buns"
1439,8/13/2015,whole milk
1198,3/22/2014,citrus fruit
3811,6/24/2015,canned beer
1333,11/27/2014,other vegetables
2343,5/30/2015,sausage
1682,6/25/2015,shopping bags
1654,9/8/2014,whole milk
4478,8/2/2015,newspapers
4725,12/2/2015,whole milk
1767,12/18/2014,shopping bags
2535,11/10/2015,whole milk
3529,1/23/2014,other vegetables
3782,2/20/2014,citrus fruit
2377,2/13/2014,bottled beer
1216,8/25/2015,tropical fruit
1772,11/13/2014,canned beer
2244,11/7/2014,"rolls,buns"
4006,12/18/2015,"whipped,sour cream"
1897,7/15/2014,other vegetables
3893,10/9/2014,newspapers
4515,3/6/2014,bottled water
3220,11/7/2015,"rolls,buns"
4106,9/21/2014,pastry
2185,10/11/2015,canned beer
1663,11/11/2015,tropical fruit
1908,9/20/2014,bottled beer
4254,12/25/2014,shopping bags
1808,11/29/2014,whole milk
4719,9/28/2014,whole milk
2352,5/5/2015,pastry
1361,12/10/2014,whole milk
3471,1/14/2015,"rolls,buns"
2807,10/13/2014,bottled water
3443,10/23/2015,root vegetables
3010,1/21/2014,root vegetables
1527,12/30/2015,whole milk
2261,6/18/2015,sausage
1451,8/28/2014,tropical fruit
2867,7/16/2015,other vegetables
3959,5/27/2015,pip fruit
1603,9/30/2015,"whipped,sour cream"
1410,12/25/2014,"rolls,buns"
4266,7/31/2015,sausage
3085,7/11/2015,whole milk
4798,5/19/2014,pip fruit
2353,11/14/2014,other vegetables
1798,12/15/2014,pastry
3517,12/11/2015,other vegetables
2510,8/13/2014,whole milk
1394,5/24/2015,bottled beer
1682,6/25/2015,pip fruit
1134,12/4/2014,other vegetables
2208,7/30/2015,root vegetables
2932,11/10/2014,whole milk
2004,9/14/2014,pip fruit
2712,6/21/2015,root vegetables
3690,5/21/2015,sausage
3696,4/5/2014,citrus fruit
3344,4/1/2015,"rolls,buns"
4915,1/9/2014,bottled water
2207,4/9/2014,pip fruit
1881,7/15/2014,"whipped,sour cream"
2467,7/5/2015,whole milk
4165,10/6/2014,pip fruit
3462,11/15/2015,citrus fruit
4088,9/23/2015,whole milk
3525,2/14/2015,citrus fruit
1465,11/9/2015,canned beer
2329,7/15/2015,"whipped,sour cream"
3481,8/3/2015,root vegetables
3501,6/13/2014,"whipped,sour cream"
1514,2/28/2015,whole milk
3186,8/3/2015,"rolls,buns"
3570,9/2/2015,bottled water
2233,4/10/2015,whole milk
3762,8/20/2015,sausage
4693,6/4/2014,pastry
1194,2/27/2014,pip fruit
2898,7/23/2014,bottled water
2972,5/21/2015,other vegetables
4109,12/5/2014,"rolls,buns"
3018,1/18/2015,canned beer
1896,11/20/2014,pip fruit
3603,7/20/2014,other vegetables
4144,11/6/2015,root vegetables
4700,2/6/2014,whole milk
4171,1/26/2015,sausage
2421,11/22/2015,sausage
3175,11/18/2014,other vegetables
2885,3/22/2015,whole milk
2780,10/11/2015,whole milk
3924,2/7/2015,bottled water
2054,12/15/2015,citrus fruit
1616,12/6/2014,whole milk
3934,3/27/2014,"rolls,buns"
1012,3/27/2015,whole milk
1827,9/1/2014,pastry
4959,10/20/2014,pip fruit
4297,5/30/2014,other vegetables
4953,5/7/2015,whole milk
4468,3/24/2015,sausage
1945,4/24/2015,canned beer
1701,5/17/2015,canned beer
3822,3/7/2015,root vegetables
1762,7/1/2015,bottled beer
4728,9/6/2015,other vegetables
3268,11/6/2015,"rolls,buns"
3540,3/5/2015,pip fruit
2779,10/17/2015,whole milk
3698,3/1/2014,shopping bags
4152,5/29/2015,root vegetables
3975,2/27/2015,tropical fruit
3814,10/22/2014,bottled water
4229,3/6/2015,"rolls,buns"
3636,5/14/2015,whole milk
2927,2/3/2015,citrus fruit
4051,12/18/2014,bottled water
1515,9/21/2015,pastry
3752,11/25/2014,shopping bags
3651,7/31/2015,root vegetables
3399,4/9/2015,other vegetables
4953,10/10/2015,newspapers
1618,7/13/2014,bottled beer
3924,1/12/2014,pastry
4415,8/22/2014,bottled water
2888,5/4/2014,other vegetables
3529,2/26/2014,pastry
2188,10/8/2014,whole milk
2105,1/21/2015,bottled water
2535,4/1/2014,sausage
3046,3/31/2015,newspapers
4816,7/31/2015,other vegetables
4797,2/11/2014,citrus fruit
2155,8/17/2014,whole milk
4714,6/20/2014,bottled water
1768,5/19/2015,other vegetables
2631,9/27/2015,root vegetables
1483,4/1/2015,tropical fruit
4190,9/23/2015,pip fruit
4444,4/25/2014,other vegetables
2846,10/26/2014,shopping bags
2477,9/30/2014,pip fruit
2689,4/30/2015,whole milk
3545,11/29/2014,canned beer
1256,8/2/2015,sausage
4727,4/11/2015,"rolls,buns"
2551,6/6/2015,"rolls,buns"
4870,6/30/2014,root vegetables
2871,12/20/2015,root vegetables
3039,8/20/2014,root vegetables
4804,11/19/2015,whole milk
3188,12/6/2015,other vegetables
1361,7/12/2015,sausage
2158,8/1/2015,"rolls,buns"
2670,4/29/2015,pip fruit
1396,12/3/2014,sausage
4076,8/2/2014,other vegetables
2233,4/10/2015,bottled beer
2174,1/5/2014,bottled water
4120,3/13/2015,"rolls,buns"
1630,10/22/2014,whole milk
3463,5/9/2015,pastry
3219,9/1/2014,tropical fruit
2461,10/4/2015,tropical fruit
3284,1/28/2015,"rolls,buns"
4388,3/20/2015,tropical fruit
4147,4/18/2015,newspapers
1265,9/29/2015,shopping bags
4738,2/26/2014,sausage
2381,5/17/2015,sausage
3440,12/21/2015,citrus fruit
4102,4/8/2015,pip fruit
1998,2/15/2014,pastry
1870,6/17/2014,"rolls,buns"
3543,5/17/2015,whole milk
2918,10/11/2015,"rolls,buns"
2649,8/2/2014,shopping bags
3337,5/14/2015,citrus fruit
2920,10/11/2015,citrus fruit
1585,9/17/2014,"rolls,buns"
4717,4/10/2015,shopping bags
2012,3/29/2015,"rolls,buns"
1065,11/5/2014,"rolls,buns"
3304,11/30/2015,"whipped,sour cream"
3082,2/20/2015,tropical fruit
3111,1/31/2015,other vegetables
1926,10/16/2015,whole milk
1512,2/23/2015,whole milk
2428,11/1/2014,other vegetables
4009,7/14/2015,whole milk
3058,5/18/2015,"rolls,buns"
2366,8/18/2015,pastry
2676,1/10/2014,other vegetables
2932,3/20/2015,sausage
2716,1/18/2015,sausage
1080,5/14/2015,root vegetables
1828,6/12/2014,canned beer
2903,8/2/2015,tropical fruit
1966,2/15/2014,other vegetables
2014,8/8/2014,other vegetables
4267,11/12/2014,newspapers
1779,6/7/2014,"rolls,buns"
1846,11/29/2015,bottled beer
3196,5/5/2015,whole milk
1815,12/4/2014,pastry
3811,7/7/2014,whole milk
3410,7/3/2015,other vegetables
1066,2/1/2014,bottled beer
3445,4/30/2015,tropical fruit
2082,10/10/2014,"rolls,buns"
1938,9/25/2014,bottled water
3966,4/7/2014,root vegetables
3265,7/9/2014,pastry
4638,8/11/2014,root vegetables
3578,9/10/2014,shopping bags
4633,4/26/2015,tropical fruit
4670,8/31/2015,whole milk
2190,5/14/2015,tropical fruit
1573,5/18/2014,other vegetables
3985,1/20/2015,bottled water
3545,11/30/2015,"whipped,sour cream"
1082,5/13/2014,other vegetables
1816,1/9/2014,whole milk
1988,9/8/2015,bottled water
1062,9/18/2015,shopping bags
2904,6/6/2015,tropical fruit
1663,2/7/2015,whole milk
3848,10/11/2015,bottled beer
2337,10/14/2014,"whipped,sour cream"
2143,7/25/2015,canned beer
1032,9/23/2014,pastry
1107,7/22/2014,"rolls,buns"
3417,9/2/2014,whole milk
3440,12/21/2015,pip fruit
1483,1/3/2014,pastry
1137,5/16/2014,canned beer
2492,6/18/2015,other vegetables
4650,7/12/2014,"rolls,buns"
3913,4/11/2014,newspapers
3118,12/29/2015,whole milk
3786,2/10/2015,pastry
4529,1/3/2015,newspapers
3752,4/15/2015,root vegetables
3248,1/14/2015,root vegetables
3942,4/18/2014,shopping bags
4509,6/14/2015,whole milk
3011,8/16/2014,"whipped,sour cream"
1532,10/11/2014,"rolls,buns"
4499,8/23/2015,pip fruit
4505,4/17/2015,tropical fruit
1398,4/15/2015,sausage
3915,6/11/2014,other vegetables
3363,1/7/2015,"rolls,buns"
3814,7/21/2015,canned beer
2220,8/4/2015,sausage
2345,12/17/2015,whole milk
2133,11/8/2014,tropical fruit
2273,11/25/2014,whole milk
4129,11/10/2014,whole milk
4220,11/21/2015,pip fruit
3015,6/12/2015,bottled water
2706,8/14/2015,whole milk
4654,5/6/2014,"rolls,buns"
1379,7/1/2015,pip fruit
4721,6/24/2014,"rolls,buns"
1166,6/3/2014,bottled water
4335,3/1/2014,whole milk
2207,4/9/2014,"rolls,buns"
4882,10/31/2015,tropical fruit
2705,7/25/2014,shopping bags
4529,5/10/2015,tropical fruit
2083,3/28/2015,whole milk
2893,10/6/2015,tropical fruit
2205,3/7/2015,whole milk
1781,1/24/2014,shopping bags
4402,10/9/2014,newspapers
1729,4/19/2014,newspapers
2682,1/20/2015,whole milk
1423,2/26/2014,shopping bags
3128,7/21/2015,bottled water
4948,5/23/2014,root vegetables
4267,9/6/2015,citrus fruit
2688,12/21/2014,whole milk
3736,11/27/2015,other vegetables
3517,12/11/2015,shopping bags
3365,2/1/2015,whole milk
4416,2/25/2014,other vegetables
4671,7/14/2014,"whipped,sour cream"
3581,1/16/2015,"rolls,buns"
1282,6/6/2014,bottled water
3570,9/2/2015,other vegetables
3737,3/3/2015,bottled water
1218,12/29/2015,whole milk
1782,10/10/2015,"rolls,buns"
1257,9/16/2014,"rolls,buns"
4070,7/27/2015,sausage
1094,3/11/2014,whole milk
3737,12/12/2015,sausage
2450,7/31/2014,root vegetables
1005,1/9/2014,"rolls,buns"
4169,4/4/2014,"rolls,buns"
4596,4/8/2015,whole milk
3493,2/2/2015,citrus fruit
2348,2/28/2015,citrus fruit
1114,12/14/2014,root vegetables
2459,9/16/2015,bottled water
2390,1/18/2014,other vegetables
2460,9/28/2015,canned beer
3523,10/16/2014,other vegetables
1158,10/17/2015,"rolls,buns"
2898,1/7/2014,"rolls,buns"
4455,6/18/2014,root vegetables
1379,7/13/2015,canned beer
1500,9/26/2014,shopping bags
2291,9/29/2014,whole milk
1715,10/18/2014,newspapers
2960,8/31/2015,tropical fruit
4853,10/4/2015,whole milk
2545,11/18/2015,citrus fruit
1323,4/30/2015,whole milk
2525,1/14/2015,shopping bags
1905,7/7/2015,shopping bags
2210,1/13/2015,whole milk
1499,5/17/2015,whole milk
2861,12/2/2015,whole milk
3154,4/10/2015,root vegetables
3224,1/19/2015,pastry
1726,4/5/2014,root vegetables
1420,6/19/2015,canned beer
4340,1/26/2015,whole milk
2218,12/25/2014,whole milk
4962,8/18/2014,pip fruit
2464,7/19/2015,other vegetables
2997,12/30/2015,whole milk
1276,4/28/2015,whole milk
3872,7/28/2014,root vegetables
2445,4/17/2014,pastry
1253,6/20/2015,sausage
3120,1/2/2014,whole milk
4145,2/13/2014,shopping bags
2343,11/2/2014,"whipped,sour cream"
1006,6/14/2015,bottled beer
2306,3/17/2014,shopping bags
3165,1/11/2015,"rolls,buns"
1422,1/1/2015,tropical fruit
3787,3/2/2014,pip fruit
1291,1/14/2015,"rolls,buns"
4695,1/5/2015,shopping bags
3901,2/14/2014,whole milk
3779,10/27/2014,pastry
1355,2/28/2015,tropical fruit
1178,11/15/2015,bottled water
2883,10/12/2015,"whipped,sour cream"
1269,9/30/2015,other vegetables
1035,4/24/2015,"rolls,buns"
3425,12/15/2014,tropical fruit
1444,10/14/2015,whole milk
2632,8/17/2015,citrus fruit
3221,7/28/2014,"rolls,buns"
1554,5/21/2015,tropical fruit
3196,11/4/2015,pip fruit
1668,5/5/2015,pastry
4064,9/17/2015,citrus fruit
3127,2/25/2014,root vegetables
2696,5/9/2015,sausage
3244,6/21/2014,root vegetables
2681,2/24/2015,pastry
3677,11/30/2015,sausage
2910,7/19/2015,citrus fruit
2051,11/14/2015,canned beer
1580,6/14/2015,whole milk
1566,2/24/2015,whole milk
4259,7/23/2014,canned beer
2114,11/6/2015,whole milk
2439,2/16/2014,whole milk
4324,1/5/2015,sausage
3695,10/12/2014,citrus fruit
1367,1/31/2014,bottled beer
4699,2/8/2015,root vegetables
3053,12/13/2014,"rolls,buns"
1833,4/13/2015,"whipped,sour cream"
2827,10/31/2015,"whipped,sour cream"
3609,2/23/2015,sausage
2712,8/15/2014,shopping bags
2568,9/22/2015,other vegetables
3574,11/5/2015,canned beer
1307,11/1/2014,"rolls,buns"
4146,4/11/2014,root vegetables
4626,7/2/2014,root vegetables
3552,6/16/2015,tropical fruit
3443,4/18/2015,pip fruit
3752,8/20/2015,whole milk
3088,4/30/2015,canned beer
4243,8/22/2015,root vegetables
2733,5/5/2014,whole milk
2766,8/19/2015,citrus fruit
1943,3/24/2015,bottled water
1008,7/21/2015,tropical fruit
2105,12/2/2014,"rolls,buns"
3153,6/24/2014,newspapers
4013,3/18/2015,sausage
1504,12/29/2014,tropical fruit
3042,10/2/2015,canned beer
2427,6/26/2015,citrus fruit
3122,6/10/2014,pastry
1190,6/11/2015,root vegetables
4750,9/21/2015,shopping bags
4163,6/6/2014,whole milk
4655,8/2/2015,"rolls,buns"
1363,7/21/2014,whole milk
4510,11/1/2014,whole milk
2131,12/12/2014,bottled water
1318,9/26/2015,pastry
4283,6/11/2014,bottled beer
2570,6/19/2014,root vegetables
2120,7/7/2014,bottled beer
2344,4/19/2015,other vegetables
3196,11/4/2015,shopping bags
4645,12/6/2015,tropical fruit
2514,6/24/2014,newspapers
2141,3/8/2015,whole milk
1371,8/17/2014,root vegetables
4877,8/27/2014,shopping bags
1353,6/25/2014,other vegetables
2204,4/2/2014,bottled beer
1703,2/15/2015,bottled water
2488,8/26/2014,newspapers
1320,7/19/2014,bottled beer
1536,1/5/2015,pastry
4190,12/27/2015,whole milk
2561,2/26/2015,"whipped,sour cream"
3971,2/4/2014,whole milk
2555,11/11/2015,bottled beer
1242,4/4/2015,other vegetables
1062,4/16/2015,other vegetables
1374,3/10/2015,whole milk
2201,5/22/2015,sausage
2199,6/2/2014,"rolls,buns"
3919,2/15/2014,pastry
4028,4/29/2014,tropical fruit
3026,1/1/2015,bottled water
2545,5/26/2014,whole milk
4074,9/10/2015,whole milk
2440,3/2/2015,bottled beer
3077,1/5/2015,whole milk
1258,8/9/2014,"rolls,buns"
4359,9/24/2015,newspapers
3915,9/24/2014,other vegetables
2229,7/24/2014,pastry
2578,12/1/2015,whole milk
4899,3/13/2015,other vegetables
3694,2/10/2015,"rolls,buns"
4170,1/19/2015,newspapers
2648,4/25/2014,root vegetables
2131,7/11/2014,other vegetables
1829,2/26/2014,"rolls,buns"
2122,9/16/2014,"rolls,buns"
4182,1/5/2014,whole milk
1495,1/8/2014,other vegetables
4743,1/24/2015,pastry
3507,11/10/2015,pip fruit
1634,5/28/2015,whole milk
3899,4/22/2015,"rolls,buns"
4939,2/16/2014,bottled beer
1908,8/21/2014,pip fruit
4822,8/21/2014,whole milk
4507,8/15/2015,tropical fruit
1373,5/10/2015,sausage
3060,7/5/2015,canned beer
1626,2/18/2015,pastry
1351,1/15/2014,tropical fruit
2850,1/10/2014,root vegetables
3831,3/1/2014,bottled water
3953,5/19/2014,root vegetables
1396,7/22/2015,tropical fruit
2830,9/21/2014,sausage
4915,2/20/2014,sausage
1366,10/25/2015,bottled water
1780,8/27/2015,whole milk
1285,10/27/2014,pastry
1182,9/1/2015,shopping bags
2251,6/23/2015,citrus fruit
4042,8/8/2015,sausage
4187,4/16/2014,pastry
4135,5/11/2014,whole milk
2388,11/19/2014,other vegetables
1615,12/3/2015,"whipped,sour cream"
1038,12/14/2015,"whipped,sour cream"
3481,8/3/2015,"rolls,buns"
4975,4/23/2015,other vegetables
1599,5/29/2015,shopping bags
1648,2/13/2014,newspapers
2646,11/11/2015,"rolls,buns"
4258,6/24/2014,sausage
4512,11/8/2015,other vegetables
3815,9/15/2015,whole milk
2539,11/15/2015,tropical fruit
4105,5/29/2015,root vegetables
2306,12/13/2014,newspapers
2597,8/15/2015,bottled beer
2713,8/18/2015,"rolls,buns"
3380,8/16/2014,other vegetables
1004,8/19/2014,pastry
4752,5/18/2015,pip fruit
3593,9/10/2015,whole milk
4616,10/16/2014,root vegetables
1212,7/31/2015,root vegetables
4989,6/3/2015,"rolls,buns"
2371,5/22/2014,other vegetables
1717,7/26/2014,bottled water
4134,9/30/2014,whole milk
4348,11/4/2014,"rolls,buns"
2215,5/6/2014,"rolls,buns"
2648,1/29/2015,citrus fruit
1329,3/29/2015,sausage
4321,5/8/2015,pip fruit
4365,2/20/2015,whole milk
4265,12/12/2015,root vegetables
4762,1/15/2014,whole milk
2573,1/21/2014,pastry
1690,5/30/2014,"rolls,buns"
4956,3/4/2014,whole milk
4694,2/6/2015,citrus fruit
2552,10/8/2014,root vegetables
3727,7/28/2014,citrus fruit
4570,4/4/2014,canned beer
4858,8/17/2014,other vegetables
4450,10/31/2014,"rolls,buns"
2532,9/21/2014,"rolls,buns"
1014,10/3/2015,whole milk
1398,4/15/2015,whole milk
1837,7/9/2015,"rolls,buns"
4695,1/5/2015,root vegetables
1998,6/14/2014,citrus fruit
4743,7/4/2015,whole milk
1839,4/10/2014,bottled beer
4042,7/15/2014,tropical fruit
2771,8/26/2015,sausage
2520,12/18/2014,other vegetables
1764,9/29/2015,other vegetables
3237,8/7/2014,other vegetables
2394,6/21/2015,canned beer
2755,11/25/2014,whole milk
3009,2/18/2015,sausage
4766,9/29/2015,whole milk
2141,4/24/2014,"rolls,buns"
4202,12/2/2015,pip fruit
1132,2/19/2015,other vegetables
2674,5/1/2014,root vegetables
4015,11/10/2014,pastry
3927,9/3/2015,other vegetables
4059,1/5/2015,whole milk
4723,11/7/2014,other vegetables
4417,1/21/2015,tropical fruit
2625,4/8/2015,sausage
3544,9/3/2014,whole milk
3209,3/15/2014,"rolls,buns"
3537,1/25/2015,citrus fruit
2514,11/2/2015,other vegetables
4679,11/10/2015,pip fruit
1236,6/27/2014,newspapers
2368,11/11/2015,bottled water
1914,6/4/2015,"rolls,buns"
4567,8/4/2015,whole milk
3665,9/23/2015,shopping bags
2092,11/6/2015,newspapers
2623,10/10/2015,whole milk
4961,11/2/2014,whole milk
1608,11/13/2015,root vegetables
3737,5/5/2015,pastry
1482,7/24/2015,sausage
2840,8/7/2015,"rolls,buns"
1783,3/18/2015,tropical fruit
1043,6/16/2014,whole milk
2468,8/11/2014,whole milk
4505,6/24/2014,other vegetables
4217,12/1/2015,bottled water
3971,11/11/2014,whole milk
3050,6/21/2015,bottled water
2822,6/16/2014,shopping bags
2975,10/25/2014,other vegetables
3046,4/3/2014,"whipped,sour cream"
2212,10/28/2015,bottled water
2524,12/5/2015,other vegetables
4993,5/25/2014,"rolls,buns"
2619,12/24/2014,whole milk
2312,2/14/2014,pip fruit
1353,1/21/2015,newspapers
4206,9/9/2014,bottled beer
4345,7/16/2014,citrus fruit
4636,3/26/2014,other vegetables
1307,10/3/2014,canned beer
4573,12/23/2015,"rolls,buns"
4564,1/29/2014,shopping bags
2096,1/25/2015,sausage
2135,2/15/2014,newspapers
4415,7/14/2014,"whipped,sour cream"
1426,10/3/2014,bottled water
3584,7/3/2014,other vegetables
2880,6/19/2015,bottled beer
4776,3/26/2015,pip fruit
1940,6/4/2015,"rolls,buns"
4158,12/26/2015,pip fruit
3709,10/26/2015,citrus fruit
3435,1/22/2014,other vegetables
1092,10/9/2015,bottled beer
2795,5/3/2014,"rolls,buns"
2627,10/31/2015,"rolls,buns"
1904,4/18/2015,whole milk
4678,3/31/2015,shopping bags
2441,8/28/2014,shopping bags
1044,2/9/2015,other vegetables
2368,11/11/2015,bottled water
1646,8/15/2015,"rolls,buns"
1216,8/25/2015,bottled water
4675,10/31/2015,pip fruit
1269,9/12/2015,other vegetables
1955,11/16/2014,"rolls,buns"
1479,5/15/2015,shopping bags
3848,11/18/2015,tropical fruit
4791,2/4/2014,sausage
1632,5/29/2014,root vegetables
2696,11/23/2014,bottled water
3496,3/26/2014,"rolls,buns"
1154,5/17/2015,whole milk
1787,5/9/2015,"whipped,sour cream"
1067,3/5/2015,tropical fruit
2406,10/24/2015,root vegetables
1474,8/13/2014,newspapers
3241,8/9/2015,"rolls,buns"
1190,4/24/2014,bottled beer
2480,9/20/2015,other vegetables
4773,10/31/2015,other vegetables
4798,11/21/2015,pip fruit
3193,1/31/2015,tropical fruit
1674,12/4/2015,sausage
2860,1/11/2014,tropical fruit
1805,5/2/2014,tropical fruit
1510,10/13/2014,whole milk
3891,9/13/2014,pip fruit
2719,4/19/2015,citrus fruit
3315,9/12/2015,canned beer
3474,10/29/2014,other vegetables
4700,3/4/2015,bottled water
3688,10/23/2015,shopping bags
1696,10/4/2015,tropical fruit
2634,4/22/2015,other vegetables
2932,1/22/2015,whole milk
2632,5/24/2015,"whipped,sour cream"
4972,2/6/2015,citrus fruit
4027,6/29/2015,"whipped,sour cream"
3115,1/30/2014,other vegetables
4809,9/28/2015,pip fruit
4071,9/19/2015,sausage
1196,1/20/2014,pip fruit
3037,2/1/2015,other vegetables
3718,7/12/2015,root vegetables
1362,10/6/2015,bottled water
3302,3/10/2014,whole milk
1011,12/9/2015,whole milk
1723,7/21/2014,shopping bags
4766,1/3/2015,root vegetables
3307,3/21/2014,sausage
4901,4/12/2014,pastry
3217,8/12/2014,bottled beer
2760,4/14/2015,other vegetables
3520,11/19/2014,newspapers
4193,6/14/2014,shopping bags
1338,8/11/2014,whole milk
4014,11/15/2015,citrus fruit
3649,1/16/2015,bottled beer
4063,11/12/2015,bottled water
1410,2/11/2014,bottled water
3961,6/23/2014,bottled water
4681,9/11/2015,citrus fruit
2218,5/13/2014,sausage
4031,1/3/2015,other vegetables
2211,3/31/2015,canned beer
2023,8/31/2015,citrus fruit
2086,5/29/2014,whole milk
1097,4/16/2014,sausage
3284,11/19/2015,whole milk
4509,11/29/2015,tropical fruit
2952,4/22/2014,canned beer
4850,7/15/2015,other vegetables
2879,12/28/2015,whole milk
1628,10/25/2014,pastry
3976,8/5/2014,tropical fruit
2326,7/16/2015,whole milk
1692,6/28/2015,other vegetables
2532,7/6/2015,root vegetables
4305,6/23/2015,shopping bags
3901,2/14/2014,"rolls,buns"
4873,4/27/2015,"rolls,buns"
2492,11/10/2015,root vegetables
3661,3/4/2014,pastry
4073,11/2/2015,"rolls,buns"
1593,2/20/2014,canned beer
1116,1/29/2015,newspapers
1866,2/15/2015,bottled water
2246,1/21/2014,bottled beer
1440,12/6/2015,sausage
1998,11/10/2014,root vegetables
4262,6/21/2014,canned beer
4433,5/25/2015,whole milk
4642,12/17/2014,newspapers
3818,5/13/2015,tropical fruit
3812,7/28/2015,whole milk
3734,12/16/2014,"rolls,buns"
2494,6/13/2015,"rolls,buns"
3734,9/5/2015,"rolls,buns"
3876,10/3/2015,other vegetables
3627,7/6/2014,whole milk
4520,3/23/2014,pastry
4651,9/27/2014,whole milk
1176,5/9/2014,other vegetables
3595,10/15/2015,other vegetables
2799,9/10/2015,citrus fruit
2187,8/22/2014,newspapers
1331,4/29/2015,"whipped,sour cream"
1322,1/9/2015,shopping bags
1624,2/4/2015,whole milk
3543,6/2/2015,"rolls,buns"
4400,1/21/2014,shopping bags
1725,10/27/2014,tropical fruit
3671,10/11/2015,bottled beer
4699,8/1/2015,"rolls,buns"
2112,6/6/2014,whole milk
2140,10/6/2014,whole milk
1087,3/19/2015,sausage
1719,9/17/2015,other vegetables
1687,2/24/2014,sausage
1265,3/7/2015,citrus fruit
1184,6/24/2014,whole milk
3610,9/16/2014,root vegetables
2231,12/3/2015,bottled water
1696,3/1/2015,whole milk
3735,4/20/2015,"rolls,buns"
2022,7/22/2015,sausage
3423,6/2/2015,sausage
3528,8/18/2015,whole milk
2121,11/3/2014,bottled water
4006,12/18/2015,other vegetables
4635,5/8/2014,whole milk
2608,9/19/2015,other vegetables
2450,11/29/2014,citrus fruit
1933,10/21/2014,tropical fruit
2337,4/3/2014,tropical fruit
3336,3/26/2015,tropical fruit
1306,11/20/2015,whole milk
1731,8/26/2014,other vegetables
2857,2/18/2015,root vegetables
3548,6/1/2015,whole milk
3712,12/20/2015,whole milk
3107,1/2/2014,whole milk
3754,1/22/2015,whole milk
4184,9/17/2014,"rolls,buns"
1715,7/4/2015,shopping bags
3942,11/5/2014,whole milk
1387,5/31/2014,"rolls,buns"
1757,6/15/2015,canned beer
3241,8/9/2015,whole milk
3403,4/16/2014,shopping bags
3321,12/25/2015,tropical fruit
1617,2/10/2015,"rolls,buns"
4105,12/3/2015,sausage
2685,2/11/2014,citrus fruit
4782,4/17/2014,"rolls,buns"
4550,1/30/2015,other vegetables
1610,12/23/2014,pastry
3938,4/23/2014,"whipped,sour cream"
1529,5/29/2014,other vegetables
2795,3/19/2014,root vegetables
1742,11/27/2015,root vegetables
3649,1/16/2015,canned beer
1697,2/23/2015,tropical fruit
1245,9/24/2015,other vegetables
1236,6/27/2014,pip fruit
1245,3/2/2015,shopping bags
1923,4/30/2015,other vegetables
3208,12/10/2014,root vegetables
1333,10/10/2014,citrus fruit
1608,11/10/2015,tropical fruit
4741,9/25/2015,other vegetables
4808,8/20/2015,whole milk
4312,7/19/2014,root vegetables
3347,4/24/2015,whole milk
1843,11/27/2015,root vegetables
3386,8/7/2014,other vegetables
1252,4/13/2015,whole milk
4831,11/13/2015,other vegetables
1859,4/12/2015,canned beer
1927,5/15/2015,tropical fruit
4268,4/25/2015,"rolls,buns"
3358,2/21/2015,"rolls,buns"
1466,5/24/2014,root vegetables
2855,5/25/2014,tropical fruit
3556,12/17/2014,"whipped,sour cream"
2718,2/9/2014,whole milk
4103,5/17/2014,canned beer
1170,10/9/2015,citrus fruit
2067,7/3/2014,canned beer
4220,11/21/2015,other vegetables
1514,8/24/2015,whole milk
4783,2/21/2015,"whipped,sour cream"
1513,11/12/2015,bottled beer
1887,4/5/2014,"rolls,buns"
2480,8/14/2015,whole milk
3613,1/25/2014,shopping bags
2348,11/1/2015,whole milk
4194,11/19/2014,newspapers
3651,10/16/2015,"rolls,buns"
1440,1/1/2014,other vegetables
1945,4/24/2015,"whipped,sour cream"
4344,5/6/2015,citrus fruit
3862,4/3/2014,sausage
2832,8/4/2014,newspapers
2343,11/2/2014,whole milk
3689,5/3/2014,sausage
1844,9/18/2014,pastry
3247,1/13/2015,"rolls,buns"
4163,2/16/2014,newspapers
1086,12/28/2015,citrus fruit
1114,3/12/2015,sausage
4756,7/5/2014,whole milk
2612,6/4/2014,citrus fruit
4355,9/10/2014,pip fruit
3969,3/5/2015,"rolls,buns"
1595,7/17/2014,whole milk
2271,6/16/2015,whole milk
3246,6/24/2015,root vegetables
1160,2/6/2014,whole milk
1698,6/26/2015,shopping bags
3308,8/19/2015,newspapers
4747,5/11/2014,root vegetables
1689,12/9/2014,"rolls,buns"
1835,4/1/2015,pip fruit
4068,11/19/2015,tropical fruit
2908,4/27/2014,"rolls,buns"
4398,11/9/2015,other vegetables
3258,6/15/2014,tropical fruit
1750,6/9/2014,newspapers
3695,10/12/2014,"rolls,buns"
4555,7/23/2015,pip fruit
3017,9/11/2014,whole milk
4195,5/4/2015,other vegetables
3201,1/24/2015,tropical fruit
3294,2/26/2014,"whipped,sour cream"
3084,10/26/2015,canned beer
3672,5/28/2015,whole milk
1652,5/5/2014,newspapers
2247,5/31/2015,canned beer
4826,4/14/2014,bottled water
3146,2/7/2014,other vegetables
3902,11/29/2015,whole milk
3302,3/10/2014,canned beer
1729,3/20/2014,other vegetables
4773,10/15/2014,canned beer
4334,10/12/2015,other vegetables
1234,3/16/2014,root vegetables
3523,4/1/2015,whole milk
3621,11/2/2015,"rolls,buns"
1844,4/27/2014,pip fruit
1641,5/27/2015,pip fruit
4686,9/14/2015,tropical fruit
2972,5/21/2015,canned beer
3425,1/5/2014,citrus fruit
4783,5/10/2014,other vegetables
4492,6/14/2015,sausage
1374,3/10/2015,whole milk
1087,2/26/2014,sausage
1753,2/26/2015,other vegetables
2992,11/9/2015,bottled water
2601,6/27/2015,other vegetables
2199,1/30/2014,"rolls,buns"
3327,3/26/2015,bottled water
1791,10/2/2014,bottled water
2719,2/16/2014,whole milk
1097,9/25/2015,"whipped,sour cream"
4089,10/4/2015,"rolls,buns"
3768,8/1/2015,root vegetables
2589,2/12/2015,canned beer
4316,2/28/2014,"rolls,buns"
2716,9/3/2014,pastry
3478,4/2/2015,canned beer
1463,12/24/2015,root vegetables
1197,1/16/2015,sausage
2055,2/4/2015,pip fruit
4272,7/22/2014,pastry
1994,10/5/2015,canned beer
1514,2/26/2014,shopping bags
4842,6/30/2014,"rolls,buns"
1690,3/10/2014,citrus fruit
2484,8/12/2015,newspapers
1475,12/17/2015,canned beer
4833,3/10/2015,pip fruit
2218,9/25/2014,pip fruit
3907,5/9/2014,other vegetables
3831,3/29/2014,tropical fruit
2411,1/7/2014,canned beer
4094,3/30/2015,"rolls,buns"
1958,6/16/2014,other vegetables
3541,3/18/2014,"rolls,buns"
2593,4/13/2014,shopping bags
2739,7/11/2014,root vegetables
2622,3/7/2015,pip fruit
2878,6/13/2014,bottled water
4527,10/18/2015,tropical fruit
1052,10/27/2015,other vegetables
4837,12/4/2014,bottled water
4008,5/4/2015,pip fruit
3429,3/10/2014,root vegetables
2461,1/24/2014,bottled water
1811,6/2/2014,other vegetables
3102,12/4/2015,other vegetables
2812,8/28/2014,"whipped,sour cream"
1738,9/6/2014,pastry
2119,9/24/2015,other vegetables
3157,4/25/2014,sausage
4666,11/26/2014,bottled beer
1922,5/30/2014,"whipped,sour cream"
4594,12/24/2014,whole milk
4237,5/20/2014,pastry
3437,4/19/2014,shopping bags
1404,1/16/2015,canned beer
4658,1/26/2014,canned beer
1370,6/28/2015,canned beer
2306,2/26/2014,shopping bags
1916,5/21/2014,whole milk
4151,11/2/2015,whole milk
4277,12/6/2015,"rolls,buns"
2750,10/4/2014,"rolls,buns"
3023,7/28/2015,root vegetables
2466,8/28/2015,whole milk
3826,4/27/2014,shopping bags
3558,9/19/2015,whole milk
3595,1/6/2014,canned beer
3860,10/6/2014,"rolls,buns"
2320,2/5/2014,whole milk
4474,12/10/2015,canned beer
2704,8/2/2014,bottled beer
4291,2/2/2014,whole milk
3782,4/25/2014,"rolls,buns"
4566,3/10/2015,canned beer
1302,12/2/2014,shopping bags
4582,3/2/2014,other vegetables
3964,3/11/2014,root vegetables
2419,8/22/2015,whole milk
3962,9/20/2015,sausage
3966,1/7/2014,canned beer
4546,9/3/2015,tropical fruit
3689,9/10/2014,"rolls,buns"
3927,12/9/2015,"rolls,buns"
2316,6/8/2015,canned beer
3202,4/16/2015,newspapers
3604,8/12/2014,root vegetables
1856,10/26/2015,tropical fruit
2092,9/4/2015,pip fruit
1721,10/15/2015,"rolls,buns"
3194,7/26/2014,canned beer
1628,10/25/2014,whole milk
4509,7/23/2015,sausage
4763,9/29/2014,bottled beer
2309,4/17/2014,whole milk
3908,4/27/2014,pastry
4500,11/15/2014,"rolls,buns"
4563,6/27/2015,pip fruit
1567,3/13/2015,whole milk
3307,3/21/2014,pip fruit
3781,7/6/2014,tropical fruit
4422,3/24/2014,shopping bags
1601,12/9/2015,whole milk
2210,9/25/2015,whole milk
1952,11/23/2015,tropical fruit
3578,5/16/2015,root vegetables
3519,7/30/2015,other vegetables
2144,1/5/2015,other vegetables
2487,3/27/2015,canned beer
4871,7/7/2014,canned beer
4021,9/9/2014,other vegetables
1500,4/1/2014,bottled beer
4820,5/1/2015,pastry
2230,7/14/2014,bottled water
4564,6/13/2015,pip fruit
1970,1/29/2014,"whipped,sour cream"
4353,9/2/2014,"rolls,buns"
1574,4/18/2015,other vegetables
4729,3/22/2014,whole milk
1239,7/25/2015,bottled water
1913,8/18/2015,whole milk
1861,5/19/2015,bottled water
1648,2/27/2015,sausage
4814,9/13/2015,whole milk
1655,11/4/2014,pip fruit
2325,4/16/2015,pip fruit
3473,1/25/2015,whole milk
1142,5/22/2014,newspapers
3194,7/26/2014,tropical fruit
2290,9/10/2015,other vegetables
1998,2/22/2014,"whipped,sour cream"
3898,8/25/2014,newspapers
2391,12/5/2015,bottled beer
2049,10/7/2015,tropical fruit
4525,5/11/2015,whole milk
2967,5/27/2014,whole milk
1197,11/22/2015,root vegetables
2645,11/15/2014,canned beer
2107,10/30/2014,"rolls,buns"
3756,12/2/2015,pip fruit
3349,7/9/2014,tropical fruit
2349,8/11/2014,shopping bags
4474,11/10/2015,pastry
4376,5/2/2014,"rolls,buns"
2051,1/20/2014,"rolls,buns"
4780,7/3/2015,shopping bags
3676,6/9/2014,"whipped,sour cream"
4892,12/27/2014,other vegetables
1808,7/21/2015,tropical fruit
4146,2/9/2015,pastry
3434,6/10/2015,shopping bags
4558,4/5/2015,tropical fruit
2160,7/30/2014,shopping bags
2790,10/11/2015,other vegetables
4006,7/2/2015,canned beer
3036,7/13/2015,other vegetables
3339,10/8/2015,whole milk
4140,2/20/2014,whole milk
3458,8/13/2015,sausage
2305,9/28/2015,whole milk
4211,9/16/2014,tropical fruit
2911,7/14/2015,other vegetables
1333,4/3/2015,sausage
1113,1/7/2014,whole milk
3166,11/8/2014,other vegetables
2167,3/14/2015,citrus fruit
1681,7/6/2014,pip fruit
2499,11/22/2015,root vegetables
2186,4/2/2015,canned beer
2129,9/5/2014,tropical fruit
3475,12/14/2015,root vegetables
2054,11/21/2014,shopping bags
1700,10/30/2015,other vegetables
2629,7/9/2014,tropical fruit
4571,3/3/2015,bottled water
4804,12/27/2015,pastry
3664,5/30/2015,other vegetables
2587,10/30/2014,newspapers
2631,9/29/2014,whole milk
1943,1/14/2015,bottled beer
2102,5/10/2015,other vegetables
2360,7/9/2014,"rolls,buns"
1244,11/25/2014,bottled water
4416,10/2/2014,pastry
4875,10/3/2015,tropical fruit
1154,5/17/2015,canned beer
2413,12/13/2015,whole milk
1291,3/6/2015,whole milk
2153,2/14/2014,shopping bags
2626,8/9/2014,canned beer
3778,11/22/2014,bottled beer
3257,2/13/2015,root vegetables
3094,6/13/2015,sausage
4569,7/27/2015,pip fruit
4793,11/25/2014,bottled water
1351,2/26/2015,other vegetables
3776,5/17/2015,bottled water
3380,5/16/2015,pip fruit
4100,3/1/2015,"whipped,sour cream"
4843,5/13/2015,whole milk
3474,2/25/2015,newspapers
3180,9/15/2015,bottled beer
1148,1/31/2014,root vegetables
4600,7/14/2015,"whipped,sour cream"
2209,4/20/2015,"rolls,buns"
4198,11/10/2014,whole milk
4747,6/8/2015,other vegetables
1226,11/12/2015,citrus fruit
3803,1/27/2015,tropical fruit
4036,6/20/2014,canned beer
1827,11/27/2014,pip fruit
2764,7/24/2015,other vegetables
1737,1/23/2015,tropical fruit
2431,2/28/2014,whole milk
4826,1/17/2015,"rolls,buns"
1248,12/15/2015,whole milk
2788,8/10/2014,"rolls,buns"
1479,3/29/2014,pip fruit
4080,4/23/2014,citrus fruit
2924,5/26/2014,shopping bags
1878,8/22/2014,shopping bags
3803,12/23/2015,"whipped,sour cream"
4015,3/27/2015,other vegetables
3330,8/19/2014,tropical fruit
3672,9/30/2014,whole milk
3259,3/12/2014,shopping bags
3012,7/24/2014,whole milk
4783,10/10/2015,bottled beer
1245,3/2/2015,"rolls,buns"
1892,4/24/2015,whole milk
2745,1/27/2015,root vegetables
1653,12/20/2014,citrus fruit
3393,6/25/2014,bottled water
1154,4/6/2015,root vegetables
2460,10/27/2015,"rolls,buns"
2293,4/14/2014,sausage
3042,7/11/2014,"rolls,buns"
4485,1/27/2014,pastry
2065,11/28/2014,"whipped,sour cream"
3276,2/23/2015,whole milk
1038,4/23/2015,pip fruit
3546,9/9/2014,bottled beer
3604,4/15/2015,bottled water
3425,12/15/2014,"rolls,buns"
1327,7/18/2014,whole milk
3370,12/14/2014,other vegetables
3484,8/5/2015,canned beer
3855,3/9/2015,tropical fruit
3254,12/11/2014,root vegetables
3214,5/8/2015,bottled beer
4780,3/9/2014,newspapers
4955,3/22/2014,sausage
1870,9/9/2015,other vegetables
2729,3/21/2015,bottled water
3409,12/11/2015,sausage
3452,12/23/2014,"rolls,buns"
4494,11/8/2014,newspapers
1107,9/26/2014,shopping bags
1497,4/18/2015,sausage
4008,10/14/2014,shopping bags
4470,6/23/2015,other vegetables
1183,6/12/2015,bottled beer
3924,2/7/2015,whole milk
1929,7/10/2015,other vegetables
3083,9/19/2014,whole milk
4459,11/21/2014,whole milk
4733,1/19/2015,pip fruit
2320,3/15/2014,newspapers
1416,6/20/2015,other vegetables
4292,8/18/2015,citrus fruit
4567,9/10/2015,tropical fruit
2712,8/15/2014,"rolls,buns"
1190,10/27/2014,root vegetables
1614,2/3/2015,bottled beer
1810,9/7/2014,other vegetables
1470,6/11/2014,tropical fruit
4315,4/26/2015,bottled beer
1035,9/8/2015,whole milk
2890,2/13/2014,shopping bags
1462,9/24/2014,bottled water
1880,9/15/2015,bottled beer
3486,12/23/2015,root vegetables
1777,7/11/2015,sausage
1305,5/24/2015,whole milk
2713,8/18/2015,other vegetables
2171,8/2/2015,sausage
1520,4/30/2014,other vegetables
4190,4/4/2015,citrus fruit
1595,6/20/2015,whole milk
2285,12/16/2015,canned beer
4305,6/23/2015,other vegetables
2763,2/13/2015,root vegetables
1548,5/4/2014,bottled beer
4335,7/17/2014,"rolls,buns"
4807,4/8/2015,tropical fruit
1064,4/21/2014,"rolls,buns"
3807,10/26/2015,canned beer
1736,9/30/2014,whole milk
2865,5/14/2015,other vegetables
1133,3/21/2014,shopping bags
2053,9/17/2015,other vegetables
2454,4/6/2015,"rolls,buns"
2344,11/20/2014,root vegetables
4456,5/16/2015,other vegetables
4078,4/18/2015,shopping bags
3910,12/18/2015,"rolls,buns"
4266,7/31/2015,canned beer
1534,7/2/2014,pastry
1649,5/16/2015,other vegetables
2668,12/1/2014,whole milk
1960,1/9/2015,pastry
4124,8/31/2014,sausage
1190,5/18/2014,pip fruit
4722,7/8/2014,tropical fruit
2422,11/11/2015,citrus fruit
2496,6/29/2015,shopping bags
3221,10/28/2014,other vegetables
1232,1/21/2015,bottled beer
4892,1/9/2015,citrus fruit
3672,5/28/2015,sausage
2167,10/18/2015,tropical fruit
2540,1/29/2014,bottled water
3902,6/19/2014,root vegetables
3036,7/12/2015,shopping bags
1703,2/21/2015,canned beer
3050,12/15/2015,whole milk
4175,1/29/2015,"rolls,buns"
1937,3/7/2014,other vegetables
1051,12/26/2014,shopping bags
2294,8/31/2015,root vegetables
3020,6/13/2014,"rolls,buns"
2977,11/16/2015,other vegetables
3783,11/7/2014,canned beer
2356,6/15/2015,canned beer
2319,5/10/2015,whole milk
2792,7/28/2014,bottled beer
3637,12/22/2015,root vegetables
3292,8/8/2014,whole milk
4256,5/19/2014,bottled water
4051,1/28/2015,whole milk
4951,11/24/2015,whole milk
1477,11/21/2014,other vegetables
4693,7/1/2015,bottled beer
4714,8/30/2015,pastry
3313,4/8/2015,root vegetables
4469,10/18/2015,root vegetables
1935,8/28/2014,tropical fruit
4487,1/22/2015,tropical fruit
4721,6/15/2015,canned beer
3229,8/7/2015,bottled water
4932,7/8/2015,bottled beer
3960,2/15/2014,"rolls,buns"
1494,6/25/2015,whole milk
4779,10/24/2015,"whipped,sour cream"
4945,8/2/2015,other vegetables
1788,12/2/2014,canned beer
2436,11/27/2014,newspapers
1062,9/18/2015,whole milk
3972,6/8/2015,canned beer
3348,10/29/2014,newspapers
1751,3/25/2015,pip fruit
1466,12/1/2015,sausage
3050,5/3/2014,root vegetables
1301,11/3/2015,pip fruit
2535,11/10/2015,other vegetables
3458,4/29/2014,pastry
3752,4/25/2015,canned beer
2789,6/6/2014,bottled beer
4747,5/11/2014,bottled beer
2164,1/31/2014,pip fruit
4274,5/22/2014,"whipped,sour cream"
3802,10/15/2015,citrus fruit
3302,5/22/2015,whole milk
3651,6/22/2014,pastry
2109,6/22/2014,bottled beer
4166,11/6/2015,canned beer
3248,10/16/2014,tropical fruit
1728,10/18/2014,root vegetables
3667,5/11/2014,whole milk
4400,12/11/2015,whole milk
1339,5/5/2015,whole milk
4164,9/8/2014,whole milk
4719,12/28/2015,whole milk
3394,12/13/2015,"rolls,buns"
1275,7/16/2015,other vegetables
2129,3/4/2015,bottled beer
2501,9/9/2015,whole milk
3789,9/6/2015,shopping bags
1367,8/5/2015,other vegetables
3210,12/23/2015,whole milk
1125,12/9/2014,"rolls,buns"
3201,12/28/2014,whole milk
3493,2/9/2014,canned beer
1856,1/29/2014,newspapers
4656,5/24/2014,other vegetables
4616,1/1/2015,canned beer
1964,8/30/2014,shopping bags
3353,8/14/2015,other vegetables
1170,11/12/2015,bottled water
2731,8/27/2014,whole milk
3123,12/15/2014,whole milk
1740,7/13/2014,"rolls,buns"
2635,6/11/2015,tropical fruit
1827,11/17/2014,bottled water
2989,1/6/2015,pip fruit
3201,1/24/2015,whole milk
2930,2/14/2014,bottled water
2530,10/30/2014,bottled water
2408,6/21/2015,tropical fruit
1783,3/18/2015,"rolls,buns"
1098,5/7/2015,"rolls,buns"
4905,11/25/2015,other vegetables
4381,9/30/2015,other vegetables
1160,11/20/2015,tropical fruit
2443,9/2/2014,pastry
2180,12/18/2014,other vegetables
3400,2/15/2014,"rolls,buns"
4216,2/24/2015,"rolls,buns"
1197,11/22/2015,root vegetables
4432,9/1/2014,root vegetables
2162,3/24/2014,"whipped,sour cream"
4008,5/19/2015,root vegetables
2479,3/5/2014,bottled water
3458,8/13/2015,whole milk
4240,12/4/2015,other vegetables
1590,6/1/2014,newspapers
2421,11/21/2015,whole milk
3491,6/11/2015,root vegetables
2980,4/27/2015,bottled beer
2937,4/24/2014,sausage
2876,10/30/2015,other vegetables
2502,6/18/2014,shopping bags
3547,10/21/2015,bottled beer
2690,5/1/2015,other vegetables
2938,6/25/2015,tropical fruit
4988,10/29/2015,"rolls,buns"
2587,5/7/2015,tropical fruit
1629,6/8/2015,tropical fruit
1977,1/12/2015,whole milk
4086,1/14/2014,pastry
3748,3/27/2015,citrus fruit
4440,2/12/2014,newspapers
2051,9/11/2015,newspapers
4525,7/21/2014,bottled beer
1654,11/9/2015,root vegetables
1551,6/11/2015,tropical fruit
3107,12/12/2014,citrus fruit
2169,10/21/2015,whole milk
4192,6/8/2014,whole milk
1416,3/4/2015,sausage
2933,4/6/2015,pip fruit
4830,11/20/2014,citrus fruit
2779,1/21/2014,"whipped,sour cream"
2991,2/16/2015,root vegetables
1308,3/14/2015,root vegetables
2747,8/30/2015,"rolls,buns"
3500,4/21/2015,canned beer
1169,12/15/2014,bottled beer
2660,9/11/2014,tropical fruit
4489,5/24/2014,bottled water
4287,8/6/2015,root vegetables
4925,1/23/2014,"whipped,sour cream"
2289,11/4/2015,tropical fruit
3271,2/25/2014,other vegetables
3539,11/7/2014,"whipped,sour cream"
3508,2/28/2015,citrus fruit
1218,7/5/2015,whole milk
2068,8/22/2014,whole milk
4261,2/16/2015,tropical fruit
1299,2/23/2014,"rolls,buns"
1033,4/21/2014,"rolls,buns"
4794,10/27/2015,tropical fruit
2702,4/8/2015,tropical fruit
1085,4/24/2014,other vegetables
4529,5/24/2015,tropical fruit
4284,10/14/2015,pastry
1649,11/24/2014,newspapers
4498,2/11/2015,bottled beer
2547,2/12/2014,tropical fruit
1661,3/2/2014,root vegetables
4130,11/6/2015,"rolls,buns"
4585,9/28/2015,canned beer
1962,4/5/2015,other vegetables
2037,4/19/2015,pastry
3066,11/30/2015,root vegetables
1699,5/14/2015,citrus fruit
3138,4/19/2015,other vegetables
2432,12/12/2015,whole milk
4671,8/1/2015,sausage
1999,8/24/2015,tropical fruit
4211,3/22/2014,"rolls,buns"
2682,12/1/2015,root vegetables
4195,10/1/2015,bottled beer
2534,5/18/2015,bottled water
3095,5/8/2014,newspapers
1930,5/28/2014,bottled water
1291,1/14/2015,tropical fruit
3210,12/23/2015,tropical fruit
1901,5/4/2015,citrus fruit
4529,5/10/2015,other vegetables
3588,5/5/2015,pip fruit
3354,1/14/2015,other vegetables
4426,6/6/2015,bottled beer
1761,2/26/2014,whole milk
3398,3/11/2015,tropical fruit
4308,1/24/2015,newspapers
1444,3/7/2014,shopping bags
2649,8/2/2014,shopping bags
1948,9/23/2014,whole milk
3500,4/21/2015,whole milk
3687,10/1/2014,other vegetables
4589,11/9/2014,tropical fruit
1755,1/19/2014,whole milk
4708,3/20/2015,citrus fruit
2633,5/16/2014,other vegetables
3812,4/30/2014,whole milk
2358,6/26/2014,root vegetables
1828,3/24/2015,bottled water
3048,12/10/2015,"rolls,buns"
2364,6/21/2015,"rolls,buns"
2290,1/12/2015,newspapers
1795,4/3/2015,whole milk
4538,8/19/2014,other vegetables
4164,9/8/2014,pastry
4432,12/4/2014,sausage
2833,8/14/2015,citrus fruit
1655,11/20/2015,whole milk
4868,12/24/2014,bottled water
4736,4/25/2014,pastry
2289,8/17/2014,whole milk
1677,12/9/2015,pip fruit
1313,12/25/2015,other vegetables
2093,6/12/2015,pastry
4868,6/14/2014,other vegetables
1924,11/17/2015,"rolls,buns"
4297,8/2/2014,shopping bags
2328,1/22/2014,bottled beer
4951,8/15/2014,pastry
3018,6/27/2015,"rolls,buns"
2632,12/10/2014,whole milk
2677,12/7/2015,sausage
3671,4/16/2014,whole milk
2466,7/27/2015,other vegetables
4501,5/8/2015,other vegetables
2294,1/8/2014,bottled beer
4467,11/22/2015,whole milk
2400,2/6/2015,whole milk
2652,12/26/2015,pip fruit
1901,4/21/2015,tropical fruit
3473,4/7/2015,whole milk
3144,4/27/2015,"rolls,buns"
1220,2/9/2015,"rolls,buns"
4069,5/3/2015,pastry
4401,3/18/2014,sausage
1892,9/30/2015,citrus fruit
2698,1/24/2015,pastry
4353,5/25/2015,bottled beer
2260,10/2/2015,bottled water
1475,3/5/2014,pastry
3784,4/30/2014,"whipped,sour cream"
2194,6/6/2014,whole milk
4069,5/3/2015,other vegetables
3985,10/23/2015,newspapers
3361,1/14/2014,bottled beer
4427,1/14/2015,tropical fruit
3708,10/27/2014,pip fruit
2612,6/4/2014,pastry
4284,10/14/2015,sausage
2293,5/8/2015,"rolls,buns"
3244,11/20/2015,sausage
1038,4/2/2015,"whipped,sour cream"
4215,5/31/2015,"rolls,buns"
4551,1/7/2014,pastry
4510,10/22/2014,sausage
2219,4/17/2015,other vegetables
3653,10/21/2015,pip fruit
3447,9/3/2015,root vegetables
4217,12/18/2015,bottled beer
1146,2/21/2014,root vegetables
2940,5/21/2015,root vegetables
1156,9/13/2015,other vegetables
4415,8/22/2014,other vegetables
1004,10/13/2014,whole milk
1209,11/1/2014,sausage
4224,8/30/2014,"rolls,buns"
1117,5/24/2015,whole milk
2753,2/23/2014,bottled water
1622,3/11/2015,"rolls,buns"
3816,5/19/2014,root vegetables
2935,1/9/2015,canned beer
4179,3/6/2015,pastry
2832,7/7/2014,newspapers
2352,3/27/2014,tropical fruit
2701,6/17/2014,"rolls,buns"
2722,11/13/2014,citrus fruit
2437,6/24/2014,whole milk
1683,5/26/2015,bottled water
1811,5/24/2015,bottled water
4423,2/25/2014,pip fruit
1438,1/19/2014,whole milk
2083,3/28/2015,bottled water
1532,6/20/2015,whole milk
4315,4/26/2015,bottled water
1479,3/29/2014,whole milk
1602,12/17/2014,"whipped,sour cream"
1478,7/7/2014,pastry
4343,4/26/2014,pastry
4774,7/24/2014,sausage
2743,3/24/2015,pastry
3487,5/22/2014,"whipped,sour cream"
4745,8/14/2014,pip fruit
3456,9/10/2015,sausage
2274,1/5/2015,citrus fruit
4662,6/27/2015,"rolls,buns"
2408,3/25/2015,sausage
2564,1/14/2014,root vegetables
4967,4/22/2014,"rolls,buns"
3903,2/20/2014,root vegetables
4165,4/3/2014,newspapers
2273,10/21/2015,tropical fruit
1777,4/22/2015,tropical fruit
1908,1/23/2014,shopping bags
1471,8/21/2014,tropical fruit
2817,6/19/2014,bottled water
4583,6/6/2014,tropical fruit
1741,7/19/2014,bottled beer
3379,1/21/2015,"whipped,sour cream"
3323,11/12/2015,sausage
1288,9/28/2014,"rolls,buns"
3601,12/20/2015,other vegetables
3986,7/25/2015,tropical fruit
2903,5/8/2014,tropical fruit
3595,3/23/2015,sausage
1988,3/30/2014,"whipped,sour cream"
1230,4/6/2015,other vegetables
2855,11/8/2015,sausage
1428,1/18/2015,pip fruit
2991,4/30/2014,tropical fruit
2489,5/4/2015,"rolls,buns"
1138,7/7/2014,citrus fruit
4805,10/13/2015,whole milk
4196,7/27/2014,other vegetables
1126,11/2/2014,"rolls,buns"
1870,9/9/2015,bottled water
1996,9/22/2014,"rolls,buns"
4687,1/13/2015,bottled water
2359,7/5/2014,whole milk
2920,5/12/2014,root vegetables
1604,11/4/2015,pip fruit
4262,6/3/2014,"whipped,sour cream"
4401,3/18/2014,bottled water
4666,10/19/2015,shopping bags
2479,1/13/2015,whole milk
2271,11/20/2015,whole milk
1723,7/21/2014,newspapers
1334,3/7/2015,bottled beer
2780,10/11/2015,other vegetables
3285,10/21/2014,other vegetables
2767,1/27/2015,root vegetables
1212,6/3/2014,tropical fruit
4661,8/16/2014,other vegetables
2851,2/17/2015,bottled beer
3290,5/29/2015,sausage
3180,10/19/2015,"rolls,buns"
2724,4/23/2014,tropical fruit
1575,9/20/2014,shopping bags
2441,5/31/2015,canned beer
3295,6/7/2014,other vegetables
4875,10/26/2015,whole milk
2739,9/19/2015,pip fruit
4629,9/24/2014,"whipped,sour cream"
1214,1/10/2015,pip fruit
1929,7/10/2015,"rolls,buns"
2929,10/22/2014,pastry
2676,11/7/2015,bottled water
3588,12/15/2015,citrus fruit
2201,2/4/2014,citrus fruit
1694,10/1/2014,tropical fruit
4351,1/16/2015,tropical fruit
1565,11/30/2015,whole milk
2985,5/29/2015,whole milk
2884,3/17/2014,other vegetables
3291,1/14/2014,newspapers
4325,12/11/2014,pip fruit
4281,4/3/2015,whole milk
3086,1/2/2015,whole milk
1175,6/10/2015,citrus fruit
3215,2/26/2014,"rolls,buns"
2547,3/9/2014,pip fruit
1878,11/27/2015,whole milk
2229,5/30/2015,root vegetables
1460,6/24/2015,bottled water
4969,10/27/2014,other vegetables
2550,12/23/2015,"whipped,sour cream"
2063,9/10/2015,newspapers
3600,8/17/2015,other vegetables
1075,11/19/2015,bottled water
1922,11/7/2014,pastry
1311,6/29/2015,canned beer
3658,5/8/2014,"whipped,sour cream"
1000,6/24/2014,pastry
4376,2/15/2014,"rolls,buns"
3360,8/30/2014,"whipped,sour cream"
4550,3/2/2015,canned beer
4153,7/27/2014,root vegetables
3467,4/7/2014,shopping bags
1796,11/15/2014,whole milk
4060,12/11/2015,canned beer
3046,3/31/2015,sausage
1015,6/28/2014,"rolls,buns"
4785,9/13/2015,canned beer
4235,9/18/2014,shopping bags
3028,6/9/2015,other vegetables
2031,7/5/2014,whole milk
4679,11/10/2015,pastry
3424,5/8/2014,root vegetables
4085,5/8/2014,"whipped,sour cream"
3747,11/5/2014,sausage
1819,9/9/2015,tropical fruit
1264,12/7/2015,tropical fruit
3455,9/13/2015,other vegetables
1327,12/14/2014,"rolls,buns"
3967,11/23/2015,whole milk
1573,4/20/2014,tropical fruit
2853,11/17/2014,tropical fruit
4803,12/30/2014,canned beer
1774,9/15/2014,newspapers
4939,6/29/2015,whole milk
3523,4/26/2015,pastry
2448,6/8/2015,other vegetables
3154,12/4/2014,other vegetables
4503,12/19/2015,"whipped,sour cream"
2166,3/7/2014,root vegetables
2185,5/25/2014,citrus fruit
4715,11/24/2014,newspapers
2413,4/4/2015,other vegetables
1133,3/26/2015,whole milk
2977,1/3/2015,"rolls,buns"
2952,11/25/2015,whole milk
1747,5/24/2014,other vegetables
4585,5/1/2015,other vegetables
1261,10/6/2014,whole milk
4042,7/26/2014,canned beer
4977,8/20/2015,pastry
1032,1/26/2014,newspapers
2508,10/6/2015,canned beer
1641,5/27/2015,canned beer
2601,10/22/2015,pastry
3287,5/13/2014,other vegetables
4228,6/26/2014,other vegetables
2865,9/23/2014,root vegetables
1127,1/14/2015,"rolls,buns"
3127,2/25/2014,bottled beer
3231,3/22/2014,bottled water
3508,2/7/2015,shopping bags
3757,12/18/2014,tropical fruit
4563,5/20/2014,root vegetables
4115,5/22/2015,citrus fruit
1650,1/20/2014,"rolls,buns"
3621,5/18/2014,other vegetables
2999,8/3/2015,sausage
1902,12/14/2014,"whipped,sour cream"
3009,8/14/2015,tropical fruit
3479,5/10/2014,"rolls,buns"
4130,8/1/2014,root vegetables
2395,11/17/2014,bottled water
4469,11/29/2014,tropical fruit
1136,5/25/2014,shopping bags
4262,6/21/2014,canned beer
4722,12/16/2015,whole milk
3417,9/2/2014,"rolls,buns"
3356,11/8/2014,canned beer
3458,6/27/2014,"rolls,buns"
3596,11/4/2014,"rolls,buns"
3337,1/10/2015,bottled beer
1307,8/29/2014,whole milk
1991,12/23/2014,bottled beer
4324,1/5/2015,pastry
1931,6/25/2014,other vegetables
3181,4/25/2014,bottled beer
4224,2/24/2015,tropical fruit
3684,1/5/2014,"rolls,buns"
3820,7/26/2014,bottled beer
3760,3/7/2014,"rolls,buns"
1170,11/12/2015,whole milk
1959,5/15/2015,tropical fruit
3042,9/14/2014,other vegetables
4278,7/3/2014,newspapers
2655,7/1/2015,"rolls,buns"
3178,10/22/2015,bottled beer
4991,5/19/2014,root vegetables
4020,4/11/2015,bottled beer
2404,10/15/2015,whole milk
2355,7/24/2015,bottled beer
3562,8/13/2015,whole milk
4193,4/30/2014,whole milk
3646,5/26/2014,newspapers
3548,6/1/2015,"rolls,buns"
4671,7/15/2015,"rolls,buns"
1137,9/26/2015,other vegetables
3828,4/25/2014,whole milk
2612,6/11/2014,pastry
2106,1/20/2014,pastry
